"Condition","Cell","LogFC","PValue","AdjPValue"
"Sex","HSPCs",-0.327471791858779,0.448903849244393,0.853023214855777
"Sex","Pro_B",1.46352572774492,0.0596204135987413,0.241317197805333
"Sex","Pre_Pro_B",0.41300261831444,0.459443861233828,0.853023214855777
"Sex","B_cells",0.511430070025675,0.00867306611284131,0.121422925579778
"Sex","Early_NK",-0.455789175478408,0.0171952666929138,0.134242026059692
"Sex","Mature_NK",0.0396494331454864,0.901956134641843,0.959758564173744
"Sex","Non_classical_monocyte",-0.134092569163325,0.602239120105961,0.882769128538414
"Sex","Classical_monocyte",-0.0710375611343629,0.693897913953832,0.883142799577604
"Sex","MDSC_like",-0.0598539550799572,0.827096680540899,0.933145561060746
"Sex","pDCs",0.0967340730426632,0.687950171630266,0.883142799577604
"Sex","cDCs",-0.0203674808095277,0.92548147259611,0.959758564173744
"Sex","ILC",0.0639627417891932,0.833165679518523,0.933145561060746
"Sex","CD8neg_NKT",-0.136641136515362,0.769474392352767,0.933145561060746
"Sex","CD8pos_NKT",-1.05402568509436,0.00801190062751951,0.121422925579778
"Sex","CD4_T",0.203412518699409,0.0949888808671826,0.286245727852238
"Sex","Naive_CD4",0.477980448561163,0.102230617090085,0.286245727852238
"Sex","CM_CD4",0.00135402830954323,0.994453306269657,0.994453306269657
"Sex","Effector_CD4",0.255889783760511,0.101838726344258,0.286245727852238
"Sex","PD1_CD4",0.11042788979596,0.630549377527439,0.882769128538414
"Sex","CD4_TPex",0.254264028790462,0.517906951876722,0.853023214855777
"Sex","Tregs",0.244460342984708,0.415490000469773,0.853023214855777
"Sex","CD8_T",-0.275469071961926,0.0603292994513332,0.241317197805333
"Sex","Naive_CD8",0.327430699679758,0.321579812957741,0.750352896901395
"Sex","CM_CD8",-0.263417260279404,0.250312207300257,0.6371583458552
"Sex","Effector_CD8",-0.480981170985695,0.0191774322942418,0.134242026059692
"Sex","PD1_CD8",-0.467134395959168,0.030142722059633,0.168799243533945
"Sex","CD8_TPex",-0.289615757857309,0.51673224614272,0.853023214855777
"Sex","gd_T",-0.237808749990251,0.581262995904004,0.882769128538414
"Diabetes","HSPCs",0.185751163342637,0.629827856546564,0.765830204309615
"Diabetes","Pro_B",-1.26975073344489,0.0490653659930543,0.228971707967587
"Diabetes","Pre_Pro_B",0.0989764929831293,0.847769172565453,0.879168030808618
"Diabetes","B_cells",0.301759170513157,0.119913004337043,0.335756412143719
"Diabetes","Early_NK",-0.597159707081362,0.000468819362015457,0.0065634710682164
"Diabetes","Mature_NK",-0.328031341772157,0.383921488085832,0.597211203689072
"Diabetes","Non_classical_monocyte",0.000700428867568952,0.998438099825768,0.998438099825768
"Diabetes","Classical_monocyte",0.162967043440705,0.439023702450426,0.614633183430597
"Diabetes","MDSC_like",0.329850598408549,0.317284691152422,0.522586550133401
"Diabetes","pDCs",0.0816784744792221,0.727177427097955,0.81443871834971
"Diabetes","cDCs",0.310878798077348,0.290743893886248,0.508801814300935
"Diabetes","ILC",0.154620744035123,0.615485461385089,0.765830204309615
"Diabetes","CD8neg_NKT",-0.188050267363605,0.772283847102633,0.831690296879759
"Diabetes","CD8pos_NKT",-0.986294850047023,0.0155418862513258,0.10879320375928
"Diabetes","CD4_T",-0.326174254952065,0.0691315128500027,0.267430850567892
"Diabetes","Naive_CD4",-1.13918304140727,0.000397835881329182,0.0065634710682164
"Diabetes","CM_CD4",-0.140693353236549,0.596151556409224,0.765830204309615
"Diabetes","Effector_CD4",-0.143976674100351,0.438283967475065,0.614633183430597
"Diabetes","PD1_CD4",-0.3931759088114,0.0833675280787721,0.267430850567892
"Diabetes","CD4_TPex",-0.816462788159708,0.0338077557657582,0.189323432288246
"Diabetes","Tregs",-0.396600423499794,0.16799800753286,0.371660692580029
"Diabetes","CD8_T",0.0703062394277005,0.656425889408242,0.765830204309615
"Diabetes","Naive_CD8",-0.840510377107068,0.0100270110749913,0.0935854366999187
"Diabetes","CM_CD8",0.366439129893585,0.274193510663336,0.508801814300935
"Diabetes","Effector_CD8",0.388210388226597,0.0859599162539653,0.267430850567892
"Diabetes","PD1_CD8",0.376832618447698,0.202726344449993,0.405452688899986
"Diabetes","CD8_TPex",-0.53923702559725,0.172556750126442,0.371660692580029
"Diabetes","gd_T",-0.649439828289391,0.159497796203972,0.371660692580029
"Hypertension","HSPCs",0.316128664581074,0.462625389328858,0.939526381745095
"Hypertension","Pro_B",0.713955207217298,0.343292807740478,0.939526381745095
"Hypertension","Pre_Pro_B",0.201881238674853,0.775301912667024,0.939526381745095
"Hypertension","B_cells",0.135785629867656,0.498177782545379,0.939526381745095
"Hypertension","Early_NK",-0.0370085216839228,0.859055490982125,0.939526381745095
"Hypertension","Mature_NK",-0.122546226090245,0.736061144220468,0.939526381745095
"Hypertension","Non_classical_monocyte",0.192041665060826,0.452755419653781,0.939526381745095
"Hypertension","Classical_monocyte",0.0463594969629777,0.798894069716931,0.939526381745095
"Hypertension","MDSC_like",-0.13600279685654,0.647014280931822,0.939526381745095
"Hypertension","pDCs",-0.032898516060812,0.905971868111342,0.939526381745095
"Hypertension","cDCs",0.166571693776852,0.451966619289412,0.939526381745095
"Hypertension","ILC",-0.1516187855404,0.681849267443589,0.939526381745095
"Hypertension","CD8neg_NKT",0.441806126857505,0.331831076753822,0.939526381745095
"Hypertension","CD8pos_NKT",0.287496554740974,0.454193234309896,0.939526381745095
"Hypertension","CD4_T",-0.128316672488809,0.28945302259466,0.939526381745095
"Hypertension","Naive_CD4",-0.602172733368861,0.0682378797848192,0.939526381745095
"Hypertension","CM_CD4",0.0297364218987796,0.883370301444718,0.939526381745095
"Hypertension","Effector_CD4",-0.0110792718974418,0.949368992170393,0.949368992170393
"Hypertension","PD1_CD4",0.0456465325195616,0.848229645940312,0.939526381745095
"Hypertension","CD4_TPex",0.134656522646839,0.741774054696735,0.939526381745095
"Hypertension","Tregs",0.080804968026625,0.780072375349425,0.939526381745095
"Hypertension","CD8_T",-0.199413255862966,0.228125465349434,0.939526381745095
"Hypertension","Naive_CD8",-0.992718949784975,0.00656385269642179,0.18378787549981
"Hypertension","CM_CD8",0.361118614656609,0.13766692551498,0.939526381745095
"Hypertension","Effector_CD8",0.0691990299907236,0.782653736760452,0.939526381745095
"Hypertension","PD1_CD8",0.182236185425624,0.450102467074481,0.939526381745095
"Hypertension","CD8_TPex",0.217143926675062,0.661250851558876,0.939526381745095
"Hypertension","gd_T",-0.793894837595066,0.143199469210685,0.939526381745095
"Coronary Artery Disease","HSPCs",0.965395448448347,0.0345869021900642,0.484216630660899
"Coronary Artery Disease","Pro_B",0.371534358018631,0.602353527851596,0.909766294851589
"Coronary Artery Disease","Pre_Pro_B",0.268946099017599,0.617341414363578,0.909766294851589
"Coronary Artery Disease","B_cells",0.253776104291277,0.183143807232081,0.744798897438156
"Coronary Artery Disease","Early_NK",0.130542508266527,0.50931292678427,0.885698397809885
"Coronary Artery Disease","Mature_NK",-0.0821794140174794,0.800540163201227,0.933963523734765
"Coronary Artery Disease","Non_classical_monocyte",-0.200926333514529,0.442191763575878,0.874623853752329
"Coronary Artery Disease","Classical_monocyte",0.194147919452871,0.278484513786007,0.744798897438156
"Coronary Artery Disease","MDSC_like",0.170331123039862,0.537745455813144,0.885698397809885
"Coronary Artery Disease","pDCs",0.2993040363064,0.209870060390808,0.744798897438156
"Coronary Artery Disease","cDCs",0.214981719219986,0.319199527473495,0.744798897438156
"Coronary Artery Disease","ILC",-0.0904040766011335,0.755489127946425,0.929732107215876
"Coronary Artery Disease","CD8neg_NKT",0.345079437382235,0.468548493081605,0.874623853752329
"Coronary Artery Disease","CD8pos_NKT",0.64613364683608,0.106830462571951,0.698576009082414
"Coronary Artery Disease","CD4_T",-0.133334439459476,0.28199687352252,0.744798897438156
"Coronary Artery Disease","Naive_CD4",-0.507048122971317,0.0787607928704816,0.698576009082414
"Coronary Artery Disease","CM_CD4",-0.0170610737548865,0.930570484993342,0.940836374561858
"Coronary Artery Disease","Effector_CD4",-0.0295491319772352,0.848065444687372,0.935423931549017
"Coronary Artery Disease","PD1_CD4",0.0769120776511591,0.736282232377908,0.929732107215876
"Coronary Artery Disease","CD4_TPex",0.0293602497081967,0.940836374561858,0.940836374561858
"Coronary Artery Disease","Tregs",-0.29066943662401,0.316185986453555,0.744798897438156
"Coronary Artery Disease","CD8_T",-0.231050193715451,0.124745715907574,0.698576009082414
"Coronary Artery Disease","Naive_CD8",-0.904094936487766,0.00642068519857781,0.179779185560179
"Coronary Artery Disease","CM_CD8",0.0384433798778164,0.868607936438373,0.935423931549017
"Coronary Artery Disease","Effector_CD8",0.0799313714440063,0.703958308548723,0.929732107215876
"Coronary Artery Disease","PD1_CD8",0.180692229100605,0.402015552124781,0.865879650730297
"Coronary Artery Disease","CD8_TPex",-0.137794992991304,0.763708516641612,0.929732107215876
"Coronary Artery Disease","gd_T",-0.483289770175695,0.265339521920662,0.744798897438156
"Valve Disease","HSPCs",-0.290318307760585,0.484160654277074,0.786651304717348
"Valve Disease","Pro_B",0.955538234052092,0.213500618745629,0.786651304717348
"Valve Disease","Pre_Pro_B",0.513236133636907,0.387937411522527,0.786651304717348
"Valve Disease","B_cells",-0.0812599059672674,0.693055303089418,0.878699183418258
"Valve Disease","Early_NK",0.0583921478621403,0.751777618926296,0.878699183418258
"Valve Disease","Mature_NK",0.0838265421000677,0.78455284233773,0.878699183418258
"Valve Disease","Non_classical_monocyte",-0.134742884975014,0.587343460583727,0.822280844817217
"Valve Disease","Classical_monocyte",0.152591178262969,0.403868143210456,0.786651304717348
"Valve Disease","MDSC_like",0.392640307432479,0.168277034740823,0.786651304717348
"Valve Disease","pDCs",-0.0988259883592539,0.673939142646916,0.878699183418258
"Valve Disease","cDCs",-0.049875645153622,0.81924872810364,0.882267861034689
"Valve Disease","ILC",-0.303789155228021,0.265789261385893,0.786651304717348
"Valve Disease","CD8neg_NKT",0.341095152767311,0.516838186202102,0.786651304717348
"Valve Disease","CD8pos_NKT",-0.258526335776666,0.508577908012182,0.786651304717348
"Valve Disease","CD4_T",0.00847933082981916,0.945766227012567,0.962415921845448
"Valve Disease","Naive_CD4",0.60369556140454,0.0503688834853401,0.786651304717348
"Valve Disease","CM_CD4",-0.125639759131189,0.526948249363236,0.786651304717348
"Valve Disease","Effector_CD4",-0.210658724927907,0.18238884320618,0.786651304717348
"Valve Disease","PD1_CD4",-0.164101854357983,0.466586570968314,0.786651304717348
"Valve Disease","CD4_TPex",-0.267874475306497,0.496931089682409,0.786651304717348
"Valve Disease","Tregs",0.32150271650646,0.324568966895953,0.786651304717348
"Valve Disease","CD8_T",0.126740966233628,0.418067639537321,0.786651304717348
"Valve Disease","Naive_CD8",0.512544678419408,0.141579288419338,0.786651304717348
"Valve Disease","CM_CD8",-0.266309236835854,0.264251523130406,0.786651304717348
"Valve Disease","Effector_CD8",-0.0105173350022702,0.962415921845448,0.962415921845448
"Valve Disease","PD1_CD8",0.0628803422160155,0.778578643386165,0.878699183418258
"Valve Disease","CD8_TPex",-0.373057131047732,0.385447164638866,0.786651304717348
"Valve Disease","gd_T",0.28961461619105,0.533799099629629,0.786651304717348
"Stroke","HSPCs",-0.887296868163811,0.147211471931384,0.584866771495577
"Stroke","Pro_B",-1.1616734348033,0.3155223317158,0.725017773180682
"Stroke","Pre_Pro_B",-0.246423871275733,0.764369174910322,0.85609347589956
"Stroke","B_cells",0.838485672057795,0.191902228208335,0.584866771495577
"Stroke","Early_NK",-0.637919901644477,0.208880989819849,0.584866771495577
"Stroke","Mature_NK",-0.76846446531489,0.202107350897717,0.584866771495577
"Stroke","Non_classical_monocyte",-1.23053167875954,0.00310541867953545,0.0434758615134963
"Stroke","Classical_monocyte",-0.566481533282301,0.269821479086633,0.686818310402338
"Stroke","MDSC_like",-1.56026049100289,0.0181795648990879,0.169675939058153
"Stroke","pDCs",-0.3071732919015,0.661240706625045,0.804988686326142
"Stroke","cDCs",-0.956630503073474,0.114461027459946,0.584866771495577
"Stroke","ILC",1.1176073032869,0.507189300215785,0.773016826219099
"Stroke","CD8neg_NKT",-0.415501903502548,0.482138831518638,0.773016826219099
"Stroke","CD8pos_NKT",-0.21986417979379,0.649496344399607,0.804988686326142
"Stroke","CD4_T",0.348023645973878,0.336615394691031,0.725017773180682
"Stroke","Naive_CD4",0.501635148920981,0.459645251406421,0.773016826219099
"Stroke","CM_CD4",0.498128413350255,0.572508117738696,0.797735005545729
"Stroke","Effector_CD4",0.149526012336114,0.745447560977419,0.85609347589956
"Stroke","PD1_CD4",-0.122033291521124,0.874375286083887,0.912375274492779
"Stroke","CD4_TPex",0.208291449431496,0.879790443260894,0.912375274492779
"Stroke","Tregs",-0.992668764990959,0.0292744800275586,0.20492136019291
"Stroke","CD8_T",-0.143727729524507,0.471513668967818,0.773016826219099
"Stroke","Naive_CD8",-0.947729037407173,0.000987531954729294,0.0276508947324202
"Stroke","CM_CD8",-0.0202585377833304,0.976897443288639,0.976897443288639
"Stroke","Effector_CD8",-0.138588850538867,0.598301254159297,0.797735005545729
"Stroke","PD1_CD8",-0.561728020323245,0.190463846700527,0.584866771495577
"Stroke","CD8_TPex",-0.542051987527691,0.524547132077246,0.773016826219099
"Stroke","gd_T",0.670020177751006,0.514464938833425,0.773016826219099
"Autoimmune Disease","HSPCs",-0.588518157461484,0.524606613066039,0.954363684366413
"Autoimmune Disease","Pro_B",1.31631168263616,0.573363575685836,0.954363684366413
"Autoimmune Disease","Pre_Pro_B",-0.173659054507479,0.896286709198434,0.954363684366413
"Autoimmune Disease","B_cells",-0.466640940014334,0.00743824445804761,0.104135422412667
"Autoimmune Disease","Early_NK",0.280472599817494,0.333989530519623,0.937127459667731
"Autoimmune Disease","Mature_NK",0.0987946353826792,0.709807814700242,0.954363684366413
"Autoimmune Disease","Non_classical_monocyte",-0.0619376810434041,0.815833137971037,0.954363684366413
"Autoimmune Disease","Classical_monocyte",0.421566026645694,0.201780577826473,0.808256145209341
"Autoimmune Disease","MDSC_like",-0.025140812421179,0.954363684366413,0.954363684366413
"Autoimmune Disease","pDCs",-0.316936011464245,0.334688378452761,0.937127459667731
"Autoimmune Disease","cDCs",-0.0638805964544191,0.851403103741496,0.954363684366413
"Autoimmune Disease","ILC",-1.17287447641517,0.00665585265481824,0.104135422412667
"Autoimmune Disease","CD8neg_NKT",0.0751143277618705,0.883725866845545,0.954363684366413
"Autoimmune Disease","CD8pos_NKT",0.910988003149124,0.329264026679341,0.937127459667731
"Autoimmune Disease","CD4_T",-0.0467595897356916,0.811772307231194,0.954363684366413
"Autoimmune Disease","Naive_CD4",0.0464483676627526,0.897247794591284,0.954363684366413
"Autoimmune Disease","CM_CD4",0.307212002611882,0.394054877149658,0.954363684366413
"Autoimmune Disease","Effector_CD4",-0.404402454405958,0.0421505747964575,0.295054023575203
"Autoimmune Disease","PD1_CD4",0.30716919923011,0.555493572672336,0.954363684366413
"Autoimmune Disease","CD4_TPex",0.565328412713755,0.522366605758033,0.954363684366413
"Autoimmune Disease","Tregs",-0.112287308304848,0.75317995370373,0.954363684366413
"Autoimmune Disease","CD8_T",-0.285029241089092,0.074089263348772,0.414899874753123
"Autoimmune Disease","Naive_CD8",0.244889020498633,0.770701347899078,0.954363684366413
"Autoimmune Disease","CM_CD8",0.0226065138269064,0.940564089604919,0.954363684366413
"Autoimmune Disease","Effector_CD8",-0.627939991675125,0.0137423676894639,0.128262098434997
"Autoimmune Disease","PD1_CD8",-0.215949764819708,0.611286371887167,0.954363684366413
"Autoimmune Disease","CD8_TPex",0.382872658434513,0.742738767813738,0.954363684366413
"Autoimmune Disease","gd_T",1.59976573607639,0.202064036302335,0.808256145209341
"Peripheral Vascular Disease","HSPCs",1.59027030170931,0.486870562975321,0.972884385871381
"Peripheral Vascular Disease","Pro_B",-2.81550587212868,0.00446853581508037,0.0625595014111251
"Peripheral Vascular Disease","Pre_Pro_B",-0.091366320129837,0.922413245084131,0.972884385871381
"Peripheral Vascular Disease","B_cells",0.0683903618219554,0.880013272376764,0.972884385871381
"Peripheral Vascular Disease","Early_NK",0.129668794154641,0.659414165195534,0.972884385871381
"Peripheral Vascular Disease","Mature_NK",0.43092830406434,0.385283345006212,0.972884385871381
"Peripheral Vascular Disease","Non_classical_monocyte",0.237777959384238,0.507387471326628,0.972884385871381
"Peripheral Vascular Disease","Classical_monocyte",0.17474289983219,0.685128282824279,0.972884385871381
"Peripheral Vascular Disease","MDSC_like",-0.0714434390799073,0.850609798195264,0.972884385871381
"Peripheral Vascular Disease","pDCs",0.601420719023052,0.501940889867001,0.972884385871381
"Peripheral Vascular Disease","cDCs",0.123762997352965,0.833414534674547,0.972884385871381
"Peripheral Vascular Disease","ILC",-0.202421786885515,0.367077088984902,0.972884385871381
"Peripheral Vascular Disease","CD8neg_NKT",-0.467322492950449,0.258130116533554,0.972884385871381
"Peripheral Vascular Disease","CD8pos_NKT",0.611122357005114,0.651697759983405,0.972884385871381
"Peripheral Vascular Disease","CD4_T",-0.168652750269173,0.493261792617479,0.972884385871381
"Peripheral Vascular Disease","Naive_CD4",-0.552691945990299,0.437005058515158,0.972884385871381
"Peripheral Vascular Disease","CM_CD4",0.0548480043717506,0.929445204979731,0.972884385871381
"Peripheral Vascular Disease","Effector_CD4",-0.11380487622764,0.755380185077927,0.972884385871381
"Peripheral Vascular Disease","PD1_CD4",-0.120955398048017,0.552521795757838,0.972884385871381
"Peripheral Vascular Disease","CD4_TPex",-0.605426476386404,0.30933385804892,0.972884385871381
"Peripheral Vascular Disease","Tregs",-1.42650995418587,1.41615865153811e-05,0.000396524422430671
"Peripheral Vascular Disease","CD8_T",-0.153639102818946,0.675810119698104,0.972884385871381
"Peripheral Vascular Disease","Naive_CD8",0.0748158055848161,0.955079992343227,0.972884385871381
"Peripheral Vascular Disease","CM_CD8",0.0216844095840357,0.972884385871381,0.972884385871381
"Peripheral Vascular Disease","Effector_CD8",-0.107326233519136,0.648018833870853,0.972884385871381
"Peripheral Vascular Disease","PD1_CD8",0.0808016230270708,0.806086537216539,0.972884385871381
"Peripheral Vascular Disease","CD8_TPex",-0.80851577341478,0.172213093694939,0.972884385871381
"Peripheral Vascular Disease","gd_T",0.0545847094642331,0.932558457551049,0.972884385871381
"Atherosclerosis","HSPCs",0.895883715572533,0.0469720443594847,0.657608621032786
"Atherosclerosis","Pro_B",0.29458606238936,0.676733043647932,0.901392157716864
"Atherosclerosis","Pre_Pro_B",0.191997803388327,0.724691100180715,0.901392157716864
"Atherosclerosis","B_cells",0.244892597448698,0.2020453314225,0.864282037773938
"Atherosclerosis","Early_NK",0.114698579755369,0.55787688881826,0.901392157716864
"Atherosclerosis","Mature_NK",-0.0617846439454762,0.849092873450475,0.914407709869743
"Atherosclerosis","Non_classical_monocyte",-0.196134007014561,0.451744766891362,0.864282037773938
"Atherosclerosis","Classical_monocyte",0.172268139652442,0.3376594325346,0.864282037773938
"Atherosclerosis","MDSC_like",0.17176946841908,0.535856008743134,0.901392157716864
"Atherosclerosis","pDCs",0.256193753397178,0.285249868152706,0.864282037773938
"Atherosclerosis","cDCs",0.161964321847166,0.453794356935311,0.864282037773938
"Atherosclerosis","ILC",-0.0830034821288774,0.777448381055413,0.901392157716864
"Atherosclerosis","CD8neg_NKT",0.346677630335062,0.463008234521752,0.864282037773938
"Atherosclerosis","CD8pos_NKT",0.635384009529501,0.108808356003672,0.850073013286098
"Atherosclerosis","CD4_T",-0.117403537327491,0.341229060259719,0.864282037773938
"Atherosclerosis","Naive_CD4",-0.448656709041219,0.121439001898014,0.850073013286098
"Atherosclerosis","CM_CD4",0.0107121255096423,0.956235023314904,0.99165113528953
"Atherosclerosis","Effector_CD4",-0.0381325374783091,0.804814426532914,0.901392157716864
"Atherosclerosis","PD1_CD4",0.0709299435924002,0.756049402308885,0.901392157716864
"Atherosclerosis","CD4_TPex",0.00221192351801855,0.995527073970336,0.995527073970336
"Atherosclerosis","Tregs",-0.338606775549924,0.246926702506351,0.864282037773938
"Atherosclerosis","CD8_T",-0.197424926625785,0.190564412703984,0.864282037773938
"Atherosclerosis","Naive_CD8",-0.67951330999227,0.0392749806467797,0.657608621032786
"Atherosclerosis","CM_CD8",0.107018871580093,0.644164080301935,0.901392157716864
"Atherosclerosis","Effector_CD8",0.0804766614124314,0.703387883098148,0.901392157716864
"Atherosclerosis","PD1_CD8",0.186415302144704,0.391357863715481,0.864282037773938
"Atherosclerosis","CD8_TPex",-0.157114887819662,0.731910646937048,0.901392157716864
"Atherosclerosis","gd_T",-0.406904287920753,0.352220153505529,0.864282037773938
"History of Cancer","HSPCs",0.364363149114973,0.501419035235919,0.612238905596352
"History of Cancer","Pro_B",1.73865886022661,0.286347337423999,0.421985549887998
"History of Cancer","Pre_Pro_B",1.07742948549645,0.229021343072918,0.400787350377607
"History of Cancer","B_cells",-0.727506222456531,0.0202235630703713,0.113251953194079
"History of Cancer","Early_NK",0.797210440997129,0.00634689591023207,0.0755857771535108
"History of Cancer","Mature_NK",1.68924753111861,0.0195012403401533,0.113251953194079
"History of Cancer","Non_classical_monocyte",0.914499298037891,0.0486707756217471,0.191577389421541
"History of Cancer","Classical_monocyte",0.304262722220066,0.424867878136357,0.566490504181809
"History of Cancer","MDSC_like",0.0377458967960916,0.923880431909229,0.958098225683645
"History of Cancer","pDCs",-0.0450454828485834,0.879601659875078,0.947263326019315
"History of Cancer","cDCs",0.531975185852058,0.106875790852814,0.272047467625345
"History of Cancer","ILC",-0.249454291001784,0.405192461981323,0.566490504181809
"History of Cancer","CD8neg_NKT",1.47332033295462,0.255992228325473,0.418861059003408
"History of Cancer","CD8pos_NKT",0.908120832276361,0.269267823645048,0.418861059003408
"History of Cancer","CD4_T",-0.409612396530148,0.14164273641415,0.305076663045862
"History of Cancer","Naive_CD4",-1.00321073552079,0.0354742454134133,0.165546478595929
"History of Cancer","CM_CD4",-0.660107724297144,0.0558889928441112,0.191577389421541
"History of Cancer","Effector_CD4",-0.0031230214364099,0.991241101603604,0.991241101603604
"History of Cancer","PD1_CD4",-0.277644905423264,0.172329487254676,0.321681709542062
"History of Cancer","CD4_TPex",-0.791499493977657,0.152811667630942,0.305623335261884
"History of Cancer","Tregs",-0.528842801270856,0.068420496221979,0.191577389421541
"History of Cancer","CD8_T",-0.380605709241744,0.063517910732382,0.191577389421541
"History of Cancer","Naive_CD8",-1.58780188356787,0.00109587453937658,0.0306844871025442
"History of Cancer","CM_CD8",-0.478332037213155,0.119093581425328,0.277885023325765
"History of Cancer","Effector_CD8",0.0712324727554188,0.845056286066098,0.947263326019315
"History of Cancer","PD1_CD8",0.0555771101831648,0.865329529050158,0.947263326019315
"History of Cancer","CD8_TPex",-1.03197811549505,0.00809847612359044,0.0755857771535108
"History of Cancer","gd_T",-0.332344815103192,0.502910529597003,0.612238905596352
"Smoking","HSPCs",0.549933853595728,0.271524019913596,0.998155242139488
"Smoking","Pro_B",0.0452097577820428,0.950693861558789,0.998155242139488
"Smoking","Pre_Pro_B",-0.251090341290921,0.623745054305961,0.998155242139488
"Smoking","B_cells",0.105721905683274,0.589650878985278,0.998155242139488
"Smoking","Early_NK",-0.120947463220181,0.540726704388612,0.998155242139488
"Smoking","Mature_NK",-0.177676076922899,0.588856751449287,0.998155242139488
"Smoking","Non_classical_monocyte",-0.174821845812018,0.521208496075941,0.998155242139488
"Smoking","Classical_monocyte",-0.0247619826975603,0.889327936118448,0.998155242139488
"Smoking","MDSC_like",-0.241318231055425,0.37844739758418,0.998155242139488
"Smoking","pDCs",0.0145127072889346,0.953327714344505,0.998155242139488
"Smoking","cDCs",-0.115991555603489,0.591232234003705,0.998155242139488
"Smoking","ILC",0.23214362267778,0.49246205504678,0.998155242139488
"Smoking","CD8neg_NKT",-0.390019605247503,0.363781314530016,0.998155242139488
"Smoking","CD8pos_NKT",0.256575565745838,0.531253706839044,0.998155242139488
"Smoking","CD4_T",0.0383141492143497,0.760061907405394,0.998155242139488
"Smoking","Naive_CD4",0.0321990238425771,0.91014284361229,0.998155242139488
"Smoking","CM_CD4",0.390164380664595,0.0549155179495354,0.998155242139488
"Smoking","Effector_CD4",-0.220177997643189,0.14758012990428,0.998155242139488
"Smoking","PD1_CD4",-0.0272756329627999,0.902455863852214,0.998155242139488
"Smoking","CD4_TPex",0.153998289790186,0.699295313838603,0.998155242139488
"Smoking","Tregs",0.165335501071614,0.59748138617288,0.998155242139488
"Smoking","CD8_T",-0.00865295601700957,0.956009709123068,0.998155242139488
"Smoking","Naive_CD8",-0.0576851205880307,0.866997939543316,0.998155242139488
"Smoking","CM_CD8",0.325164597650784,0.178333768252899,0.998155242139488
"Smoking","Effector_CD8",0.0737132153029334,0.73510197290858,0.998155242139488
"Smoking","PD1_CD8",-0.0804170466889429,0.721632822491935,0.998155242139488
"Smoking","CD8_TPex",0.0209944706576816,0.965079521990974,0.998155242139488
"Smoking","gd_T",0.00103507882268489,0.998155242139488,0.998155242139488
"Age (High vs Low)","HSPCs",0.627417658351774,0.158811911306924,0.336764587346884
"Age (High vs Low)","Pro_B",0.988893847859446,0.175297438930475,0.336764587346884
"Age (High vs Low)","Pre_Pro_B",0.158540133397013,0.770910992357696,0.9948676094562
"Age (High vs Low)","B_cells",-0.142427161109488,0.456850869706243,0.710656908431934
"Age (High vs Low)","Early_NK",0.2634754522047,0.180409600364402,0.336764587346884
"Age (High vs Low)","Mature_NK",0.964252595701436,0.00334488479008543,0.031218924707464
"Age (High vs Low)","Non_classical_monocyte",0.834128751050403,0.00134222840066071,0.0187911976092499
"Age (High vs Low)","Classical_monocyte",0.198836216022398,0.267573727707255,0.44070966916489
"Age (High vs Low)","MDSC_like",0.0253808808164419,0.927080460809253,0.9948676094562
"Age (High vs Low)","pDCs",-0.0431748763550079,0.857225114165911,0.9948676094562
"Age (High vs Low)","cDCs",-0.00580457913665878,0.978671151217704,0.9948676094562
"Age (High vs Low)","ILC",-0.675480610951792,0.0230736681310953,0.143215304676718
"Age (High vs Low)","CD8neg_NKT",0.151202844023513,0.748646521366106,0.9948676094562
"Age (High vs Low)","CD8pos_NKT",0.863549720653593,0.0306889938592967,0.143215304676718
"Age (High vs Low)","CD4_T",-0.215054730599387,0.0803313033389654,0.281159561686379
"Age (High vs Low)","Naive_CD4",-0.482372895259998,0.0966263341310358,0.300615261741
"Age (High vs Low)","CM_CD4",-0.00935604498377834,0.961915580456352,0.9948676094562
"Age (High vs Low)","Effector_CD4",-0.206954636219558,0.177289414219125,0.336764587346884
"Age (High vs Low)","PD1_CD4",-0.256148015858947,0.263357708097221,0.44070966916489
"Age (High vs Low)","CD4_TPex",-0.564487498999696,0.156412953313847,0.336764587346884
"Age (High vs Low)","Tregs",0.646074628145639,0.0266532013650047,0.143215304676718
"Age (High vs Low)","CD8_T",0.000967564069533364,0.9948676094562,0.9948676094562
"Age (High vs Low)","Naive_CD8",-1.25900780306465,0.000232798987798755,0.00651837165836515
"Age (High vs Low)","CM_CD8",-0.0450696197717135,0.845665743492994,0.9948676094562
"Age (High vs Low)","Effector_CD8",0.324788705789388,0.121140353158833,0.336764587346884
"Age (High vs Low)","PD1_CD8",-0.0217008747774048,0.920601867202928,0.9948676094562
"Age (High vs Low)","CD8_TPex",-0.840419387849065,0.0748906393141408,0.281159561686379
"Age (High vs Low)","gd_T",0.20471652195905,0.635050093588323,0.93586329581437
"BMI (High vs Low)","HSPCs",-0.351380893435831,0.43114876167811,0.971281353738631
"BMI (High vs Low)","Pro_B",-0.199791786778129,0.777706674645654,0.971281353738631
"BMI (High vs Low)","Pre_Pro_B",-0.229871970524202,0.672307312437966,0.971281353738631
"BMI (High vs Low)","B_cells",0.0160224550792848,0.933634536260854,0.971281353738631
"BMI (High vs Low)","Early_NK",-0.179122393193239,0.363459770351109,0.971281353738631
"BMI (High vs Low)","Mature_NK",-0.0448639655221608,0.890194150411137,0.971281353738631
"BMI (High vs Low)","Non_classical_monocyte",-0.00940109847693645,0.971281353738631,0.971281353738631
"BMI (High vs Low)","Classical_monocyte",-0.0635433084615616,0.72382083939992,0.971281353738631
"BMI (High vs Low)","MDSC_like",-0.213635680099447,0.441180980760289,0.971281353738631
"BMI (High vs Low)","pDCs",-0.31560327014027,0.187474670246433,0.874881794483352
"BMI (High vs Low)","cDCs",0.0550096359888979,0.799067344468956,0.971281353738631
"BMI (High vs Low)","ILC",0.276079686366082,0.341641159697674,0.971281353738631
"BMI (High vs Low)","CD8neg_NKT",0.628066183048638,0.187054392727742,0.874881794483352
"BMI (High vs Low)","CD8pos_NKT",-0.0573040342829745,0.883911365133265,0.971281353738631
"BMI (High vs Low)","CD4_T",0.0618684307662051,0.618143160459392,0.971281353738631
"BMI (High vs Low)","Naive_CD4",-0.48832511038588,0.0919459164270152,0.874881794483352
"BMI (High vs Low)","CM_CD4",0.236439036877483,0.226680571749288,0.906722286997153
"BMI (High vs Low)","Effector_CD4",0.22528701569387,0.141675444985894,0.874881794483352
"BMI (High vs Low)","PD1_CD4",-0.185031771904007,0.418207207066362,0.971281353738631
"BMI (High vs Low)","CD4_TPex",0.0234182928065168,0.952778189506097,0.971281353738631
"BMI (High vs Low)","Tregs",-0.424766544097195,0.148155488449899,0.874881794483352
"BMI (High vs Low)","CD8_T",-0.0364931609198373,0.808774520976584,0.971281353738631
"BMI (High vs Low)","Naive_CD8",-0.18929491701806,0.564149473688206,0.971281353738631
"BMI (High vs Low)","CM_CD8",0.496290567877177,0.0314654565619596,0.874881794483352
"BMI (High vs Low)","Effector_CD8",0.0288462297048496,0.890768941716781,0.971281353738631
"BMI (High vs Low)","PD1_CD8",-0.149884678340766,0.486852562531896,0.971281353738631
"BMI (High vs Low)","CD8_TPex",0.196812874259692,0.665996871683789,0.971281353738631
"BMI (High vs Low)","gd_T",-0.0619727195016742,0.885557205519887,0.971281353738631
