"X","Estimate","Std..Error","t.value","Pr...t..","sds","Effect.Size","CellType","p.adj","sig.label"
"Coronary.artery.disease.",-4790.94789289857,4582.88859335374,-1.04539916153462,0.300175926459807,0.503322295684717,-2411.39089195956,"B.cells",0.915493124612476,""
"Valve.disease.",-3112.3364625631,3446.22452604822,-0.903114825815489,0.370200573553883,0.495747683570751,-1542.93359180844,"B.cells",0.95240187487403,""
"Heart.failure.",-4734.12543343551,6675.47682502718,-0.709181614665591,0.481052911624282,0.251123601166961,-1188.85062722043,"B.cells",0.957516151516251,""
"Sex.assigned.at.birth",6555.7488686426,3183.90547856453,2.05902747829005,0.0439914295921677,0.502247202333923,3292.60652847953,"B.cells",0.659871443882516,""
"Age.at.enrollment",-3.10785459219731,136.003847669495,-0.0228512255017207,0.981847383003052,14.4381252058382,-44.8715937236839,"B.cells",0.996377893956585,""
"BMI",212.742921121729,246.926611243463,0.861563361074803,0.392475883048704,7.00700987493149,1490.69174912173,"B.cells",0.955522473680196,""
"Smoking",-716.344004233272,3339.11394065495,-0.2145311651428,0.83088535825999,0.493196961916072,-353.298686574644,"B.cells",0.993925621329704,""
"Diabetes",2447.85689843775,4363.28533459764,0.561012336055138,0.576950223792992,0.412419798373078,1009.54464849984,"B.cells",0.965841520091789,""
"History.of.cancer",-3080.87217817444,5746.11358623416,-0.536166250795184,0.593894111094088,0.292857927612974,-902.257841340636,"B.cells",0.965841520091789,""
"Hypertension",-5533.38847229313,4023.6723152969,-1.37520852561892,0.174355644671154,0.474578997876249,-2626.02995604086,"B.cells",0.863429680965556,""
"Peripheral.vascular.disease",5812.18243698208,7279.42407739804,0.798439873152657,0.427872578169178,0.226210457696304,1314.77644928413,"B.cells",0.957516151516251,""
"Hyperlipidemia",3943.12667698147,4040.61538614771,0.975872806528319,0.333180270258414,0.495747683570751,1954.7959161396,"B.cells",0.923098823687415,""
"Stroke",31655.7477536164,7013.3415305916,4.51364697063971,3.16839015565787e-05,0.226210457696304,7160.8611880643,"B.cells",0.00760413637357889,"**"
"Hypothyroidism",-2169.68771667422,7144.74790514737,-0.303675895284015,0.762461555371683,0.226210457696304,-490.806051446923,"B.cells",0.993925621329704,""
"Autoimmune.disease",-4726.27753800879,6479.85953228392,-0.729379628441258,0.46870484825512,0.251123601166961,-1186.87983545929,"B.cells",0.957516151516251,""
"History.of.thrombosis.pulmonary.embolism",-2904.78260108333,7989.11668002988,-0.363592461772941,0.717484331511031,0.197278784766429,-573.051981552385,"B.cells",0.993925621329704,""
"Coronary.artery.disease.",967.442969302806,858.183792468428,1.1273144258762,0.264251765532419,0.503322295684717,486.935616253527,"CD16neg_cDC",0.915493124612476,""
"Valve.disease.",205.284011680819,645.334044940746,0.318105039227658,0.751547822358086,0.495747683570751,101.769073264877,"CD16neg_cDC",0.993925621329704,""
"Heart.failure.",-1131.73444003782,1250.03824586637,-0.90535985101275,0.36902041587301,0.251123601166961,-284.205228146972,"CD16neg_cDC",0.95240187487403,""
"Sex.assigned.at.birth",1175.96679261875,596.212633756383,1.97239495783522,0.0533385045876311,0.502247202333923,590.626031630364,"CD16neg_cDC",0.703937406570763,""
"Age.at.enrollment",-3.94403102416806,25.4678453132314,-0.154863160807679,0.877466862448446,14.4381252058382,-56.9444137426486,"CD16neg_cDC",0.993925621329704,""
"BMI",-26.8806153255651,46.2390501932796,-0.581340127299413,0.563263758962785,7.00700987493149,-188.352737030469,"CD16neg_cDC",0.965841520091789,""
"Smoking",-628.732878594204,625.276701954138,-1.00552743550058,0.31881965217041,0.493196961916072,-310.089145579408,"CD16neg_cDC",0.915493124612476,""
"Diabetes",-414.337266869079,817.06126600967,-0.507106730065179,0.614002654968308,0.412419798373078,-170.880892060598,"CD16neg_cDC",0.97541742973198,""
"History.of.cancer",-808.282365604173,1076.00729298552,-0.751186698150983,0.455577484760871,0.292857927612974,-236.71189851695,"CD16neg_cDC",0.957516151516251,""
"Hypertension",-740.230434680173,753.465919332939,-0.982433864209168,0.329966640293027,0.474578997876249,-351.297817888017,"CD16neg_cDC",0.923098823687415,""
"Peripheral.vascular.disease",542.268306400395,1363.13236389538,0.397810455362364,0.692230348250948,0.226210457696304,122.666761785033,"CD16neg_cDC",0.993925621329704,""
"Hyperlipidemia",39.0162349397374,756.638649479576,0.0515652153991515,0.959052321162449,0.495747683570751,19.342208093027,"CD16neg_cDC",0.993925621329704,""
"Stroke",380.496805127256,1313.30620633633,0.289724363816654,0.773060345949037,0.226210457696304,86.0723564398178,"CD16neg_cDC",0.993925621329704,""
"Hypothyroidism",59.0694801353055,1337.91313678503,0.044150459780407,0.964936124040921,0.226210457696304,13.3621341372902,"CD16neg_cDC",0.993925621329704,""
"Autoimmune.disease",-745.48509330929,1213.4072899225,-0.614373343147545,0.541371271266037,0.251123601166961,-187.208901248117,"CD16neg_cDC",0.965841520091789,""
"History.of.thrombosis.pulmonary.embolism",-1531.75172403852,1496.02817334111,-1.02387892910976,0.310144030037208,0.197278784766429,-302.182118682201,"CD16neg_cDC",0.915493124612476,""
"Coronary.artery.disease.",-358.570892046256,182.519371394599,-1.96456348335235,0.0542618417564963,0.503322295684717,-180.476724550438,"CD16pos_cDC",0.703937406570763,""
"Valve.disease.",-378.364143444981,137.250278152337,-2.75674591365875,0.00779176981751078,0.495747683570751,-187.573147659081,"CD16pos_cDC",0.340004501127743,""
"Heart.failure.",172.92706359003,265.859361196374,0.650445644689183,0.517972783372459,0.251123601166961,43.4260669479564,"CD16pos_cDC",0.965841520091789,""
"Sex.assigned.at.birth",156.552261993567,126.80308820297,1.2346092213699,0.221954590688953,0.502247202333923,78.6279356053163,"CD16pos_cDC",0.880481020914855,""
"Age.at.enrollment",8.93966200078057,5.41652634102491,1.65044189540284,0.104258133278217,14.4381252058382,129.071959265144,"CD16pos_cDC",0.833038494214509,""
"BMI",-3.98450224668955,9.83416658439304,-0.405169285317274,0.686843693153856,7.00700987493149,-27.9194465892404,"CD16pos_cDC",0.993027026246539,""
"Smoking",-109.461350330635,132.984462757208,-0.823113828947675,0.413814843171075,0.493196961916072,-53.9860054303,"CD16pos_cDC",0.957516151516251,""
"Diabetes",283.755893130389,173.773392100558,1.63290760282902,0.107906178552528,0.412419798373078,117.026548232008,"CD16pos_cDC",0.833038494214509,""
"History.of.cancer",-119.717573205099,228.846287304997,-0.523135308922639,0.602873041307599,0.292857927612974,-35.0602403876998,"CD16pos_cDC",0.965841520091789,""
"Hypertension",-13.0686166495944,160.247871342736,-0.0815525132414606,0.93528334223605,0.474578997876249,-6.20209099319338,"CD16pos_cDC",0.993925621329704,""
"Peripheral.vascular.disease",118.098108116752,289.912329234499,0.40735800518931,0.685244680278105,0.226210457696304,26.715027090158,"CD16pos_cDC",0.993027026246539,""
"Hyperlipidemia",37.69100622204,160.922650704746,0.23421815423109,0.815640442585772,0.495747683570751,18.6852290260271,"CD16pos_cDC",0.993925621329704,""
"Stroke",64.4365210831364,279.31525313437,0.230694601744997,0.818363885108495,0.226210457696304,14.5762149265738,"CD16pos_cDC",0.993925621329704,""
"Hypothyroidism",-217.143634704203,284.548679256913,-0.763115946527197,0.448487098569433,0.226210457696304,-49.1201609922767,"CD16pos_cDC",0.957516151516251,""
"Autoimmune.disease",135.578431261043,258.068653528466,0.525357998374989,0.6013370746864,0.251123601166961,34.0469438988404,"CD16pos_cDC",0.965841520091789,""
"History.of.thrombosis.pulmonary.embolism",-38.3575176467201,318.176740440919,-0.120554122194996,0.904460865532189,0.197278784766429,-7.56712446800179,"CD16pos_cDC",0.993925621329704,""
"Coronary.artery.disease.",-11823.1939413285,6524.45220202554,-1.81213588133238,0.0751426337802524,0.503322295684717,-5950.87711687509,"CD4_T",0.76742911547725,""
"Valve.disease.",-3050.38909920438,4906.23473375675,-0.621737292391771,0.536550946543507,0.495747683570751,-1512.22332992004,"CD4_T",0.965841520091789,""
"Heart.failure.",-13308.4018306187,9503.57587434751,-1.40035729777686,0.166733396476686,0.251123601166961,-3342.05379348195,"CD4_T",0.863429680965556,""
"Sex.assigned.at.birth",4336.26465270852,4532.78291355099,0.956645119655971,0.342717031647843,0.502247202333923,2177.87679040233,"CD4_T",0.940023858234084,""
"Age.at.enrollment",188.383179679557,193.622556022429,0.972940258353655,0.334623323586688,14.4381252058382,2719.89993488735,"CD4_T",0.923098823687415,""
"BMI",696.202892671359,351.53830158615,1.9804467664834,0.0524032601006475,7.00700987493149,4878.30054390408,"CD4_T",0.703937406570763,""
"Smoking",-5326.15232211357,4753.74621467234,-1.12041158311618,0.267156392557811,0.493196961916072,-2626.84214396864,"CD4_T",0.915493124612476,""
"Diabetes",976.350891988349,6211.81292747693,0.157176480262247,0.875651648315762,0.412419798373078,402.666438015209,"CD4_T",0.993925621329704,""
"History.of.cancer",-12185.039884482,8180.48326445551,-1.48952567844328,0.141767045374622,0.292857927612974,-3568.48552845083,"CD4_T",0.848826637339917,""
"Hypertension",-5934.41824892774,5728.321158808,-1.03597861998412,0.304512212574088,0.474578997876249,-2816.35026555465,"CD4_T",0.915493124612476,""
"Peripheral.vascular.disease",10501.6936229259,10363.3883922326,1.01334556087823,0.315103910973786,0.226210457696304,2375.59292102842,"CD4_T",0.915493124612476,""
"Hyperlipidemia",273.379562895564,5752.44224612441,0.0475240865007812,0.962258800123052,0.495747683570751,135.52728504106,"CD4_T",0.993925621329704,""
"Stroke",42501.2561321376,9984.57864744641,4.25669000494152,7.67937706448118e-05,0.226210457696304,9614.22860231868,"CD4_T",0.00921525247737742,"**"
"Hypothyroidism",-9131.72727380502,10171.6559879417,-0.897762103302602,0.373024067658995,0.226210457696304,-2065.69220616525,"CD4_T",0.95240187487403,""
"Autoimmune.disease",-1361.0527754706,9225.08433993755,-0.14753824738255,0.883218887723394,0.251123601166961,-341.792474354465,"CD4_T",0.993925621329704,""
"History.of.thrombosis.pulmonary.embolism",-7882.88501138808,11373.7458053972,-0.693077298039085,0.491027145295271,0.197278784766429,-1555.12597550014,"CD4_T",0.957516151516251,""
"Coronary.artery.disease.",-45.8036173384206,463.37714546218,-0.0988473812033509,0.921600291517434,0.503322295684717,-23.0539818294381,"CD4_TPex",0.993925621329704,""
"Valve.disease.",-102.66966429804,348.448724199374,-0.294647841038715,0.769314969206474,0.495747683570751,-50.89824824874,"CD4_TPex",0.993925621329704,""
"Heart.failure.",-567.446980848952,674.959325929498,-0.840712853426406,0.403961450583972,0.251123601166961,-142.499329302108,"CD4_TPex",0.957516151516251,""
"Sex.assigned.at.birth",234.654561624872,321.925572054758,0.728909356678748,0.468990288305497,0.502247202333923,117.854597090985,"CD4_TPex",0.957516151516251,""
"Age.at.enrollment",1.70068078681866,13.7513870174281,0.123673399975091,0.902001468664373,14.4381252058382,24.5546421352512,"CD4_TPex",0.993925621329704,""
"BMI",-1.17424777477276,24.966818617974,-0.0470323349057938,0.962649029746768,7.00700987493149,-8.22796575344906,"CD4_TPex",0.993925621329704,""
"Smoking",-585.486099918981,337.618742999244,-1.73416349672356,0.0882016521169911,0.493196961916072,-288.759965724131,"CD4_TPex",0.76742911547725,""
"Diabetes",-323.334157788528,441.172998644348,-0.732896525358715,0.466573333480816,0.412419798373078,-133.349408162274,"CD4_TPex",0.957516151516251,""
"History.of.cancer",-931.2217690844,580.991149327097,-1.60281575745679,0.11440795819206,0.292857927612974,-272.715677442145,"CD4_TPex",0.833038494214509,""
"Hypertension",-23.9708180825098,406.834631424688,-0.0589202988904036,0.953218129126316,0.474578997876249,-11.3760468238714,"CD4_TPex",0.993925621329704,""
"Peripheral.vascular.disease",91.0655785387474,736.024601271166,0.123726269993518,0.901959791505672,0.226210457696304,20.5999862016287,"CD4_TPex",0.993925621329704,""
"Hyperlipidemia",296.393448756664,408.547750049827,0.725480555750253,0.471074441573509,0.495747683570751,146.936365646662,"CD4_TPex",0.957516151516251,""
"Stroke",-263.390665439351,709.120920659055,-0.371432653819544,0.71166874070444,0.226210457696304,-59.5817229819696,"CD4_TPex",0.993925621329704,""
"Hypothyroidism",7.2442204100879,722.407455886094,0.0100278871031339,0.992033451086056,0.226210457696304,1.63871841461889,"CD4_TPex",0.99678509220953,""
"Autoimmune.disease",976.903950652376,655.180406833392,1.49104573406572,0.141368480564397,0.251123601166961,245.323638082056,"CD4_TPex",0.848826637339917,""
"History.of.thrombosis.pulmonary.embolism",-374.842687999768,807.781818507492,-0.464039520835404,0.644356443209094,0.197278784766429,-73.9485099671758,"CD4_TPex",0.98350860249444,""
"Coronary.artery.disease.",-11014.2146026121,5068.05803464677,-2.17326134138868,0.0338575372059928,0.503322295684717,-5543.69977895085,"CD8_Tcell",0.651263058471984,""
"Valve.disease.",-2078.04337392352,3811.06054460166,-0.54526642901726,0.58766112142208,0.495747683570751,-1030.18518898213,"CD8_Tcell",0.965841520091789,""
"Heart.failure.",-9866.69283303455,7382.1790054511,-1.33655561938404,0.186587344052012,0.251123601166961,-2477.75943583988,"CD8_Tcell",0.869533253834619,""
"Sex.assigned.at.birth",-946.667344900013,3520.97098009237,-0.26886542100247,0.788987345464737,0.502247202333923,-475.461025516914,"CD8_Tcell",0.993925621329704,""
"Age.at.enrollment",94.3744004323103,150.401952585946,0.627481218226744,0.532806501569579,14.4381252058382,1362.5894096676,"CD8_Tcell",0.965841520091789,""
"BMI",180.07991675781,273.067601489464,0.659470093762691,0.512204041279767,7.00700987493149,1261.82175499882,"CD8_Tcell",0.965841520091789,""
"Smoking",-4025.68851611493,3692.61065173599,-1.09020118712553,0.280133220107174,0.493196961916072,-1985.4573457683,"CD8_Tcell",0.915493124612476,""
"Diabetes",3358.97965720544,4825.20638392423,0.696131810733794,0.489126608399537,0.412419798373078,1385.30971296394,"CD8_Tcell",0.957516151516251,""
"History.of.cancer",-6886.00810128426,6354.42833389845,-1.08365501024695,0.283002115676082,0.292857927612974,-2016.62206206826,"CD8_Tcell",0.915493124612476,""
"Hypertension",-5960.25093972581,4449.64008854584,-1.33949057027523,0.185636329595305,0.474578997876249,-2828.60991806605,"CD8_Tcell",0.869533253834619,""
"Peripheral.vascular.disease",7349.22319837179,8050.06338940054,0.9129397922566,0.365053579627025,0.226210457696304,1662.47114341597,"CD8_Tcell",0.95240187487403,""
"Hyperlipidemia",6976.41956259154,4468.37684476583,1.56128719778046,0.123896344500481,0.495747683570751,3458.54383777243,"CD8_Tcell",0.842799474991767,""
"Stroke",22346.0375986422,7755.81190111926,2.8811990135317,0.00554471961092642,0.226210457696304,5054.90739288766,"CD8_Tcell",0.266146541324468,""
"Hypothyroidism",-3980.54247938648,7901.12966715377,-0.503794096170098,0.616314358386306,0.226210457696304,-900.440336141595,"CD8_Tcell",0.97541742973198,""
"Autoimmune.disease",-2139.72611178174,7165.85260518881,-0.298600352208244,0.766312210258141,0.251123601166961,-537.33572670161,"CD8_Tcell",0.993925621329704,""
"History.of.thrombosis.pulmonary.embolism",15568.4041375571,8834.88789988806,1.76215072720441,0.0833130512246124,0.197278784766429,3071.31584900991,"CD8_Tcell",0.76742911547725,""
"Coronary.artery.disease.",-183.454485986597,309.491706582746,-0.592760588037108,0.555645595984854,0.503322295684717,-92.3367330404337,"CD8_TPex",0.965841520091789,""
"Valve.disease.",-121.487782767541,232.730490411826,-0.522010599266832,0.603650950057368,0.495747683570751,-60.2272868891551,"CD8_TPex",0.965841520091789,""
"Heart.failure.",-501.690627734051,450.808408877192,-1.11286883264575,0.27035595856805,0.251123601166961,-125.986357108288,"CD8_TPex",0.915493124612476,""
"Sex.assigned.at.birth",-57.9543829308721,215.01555625597,-0.269535767272016,0.788474047403166,0.502247202333923,-29.1074266900194,"CD8_TPex",0.993925621329704,""
"Age.at.enrollment",-0.159926259416888,9.18461403973365,-0.0174124093538421,0.98616737064625,14.4381252058382,-2.30903535716238,"CD8_TPex",0.99678509220953,""
"BMI",-2.19098609849117,16.6754519028158,-0.131389908427082,0.895921577390116,7.00700987493149,-15.3522612279652,"CD8_TPex",0.993925621329704,""
"Smoking",-389.379891237601,225.497096627278,-1.72676232670615,0.0895333968056792,0.493196961916072,-192.040979389595,"CD8_TPex",0.76742911547725,""
"Diabetes",-133.562566544311,294.661455761872,-0.453274644282788,0.652042287803157,0.412419798373078,-55.0838467643955,"CD8_TPex",0.98350860249444,""
"History.of.cancer",-621.730846636544,388.046635609029,-1.60220651226818,0.114542792954495,0.292857927612974,-182.078807279038,"CD8_TPex",0.833038494214509,""
"Hypertension",18.5768016239637,271.726703851574,0.0683657563303419,0.945729628309075,0.474578997876249,8.81615989844657,"CD8_TPex",0.993925621329704,""
"Peripheral.vascular.disease",126.386015440934,491.594184488951,0.25709420377363,0.798015933404948,0.226210457696304,28.5898383993058,"CD8_TPex",0.993925621329704,""
"Hyperlipidemia",359.282784211516,272.870903586207,1.3166767855775,0.193126133272466,0.495747683570751,178.113608019709,"CD8_TPex",0.872041988366007,""
"Stroke",-129.004943337159,473.625093635983,-0.272377762645129,0.786298921559997,0.226210457696304,-29.1822672773844,"CD8_TPex",0.993925621329704,""
"Hypothyroidism",52.4807701364306,482.499231047068,0.1087686088588,0.913761453407921,0.226210457696304,11.8716990328165,"CD8_TPex",0.993925621329704,""
"Autoimmune.disease",561.658540067247,437.597978700904,1.28350350642533,0.204420186698204,0.251123601166961,141.045715207865,"CD8_TPex",0.872097302073404,""
"History.of.thrombosis.pulmonary.embolism",-75.7651898352499,539.521156804232,-0.140430433319859,0.888806480657707,0.197278784766429,-14.9468645782959,"CD8_TPex",0.993925621329704,""
"Coronary.artery.disease.",-171.261686555467,380.559274150086,-0.450026311769568,0.654369030687572,0.503322295684717,-86.199825239934,"CD8neg_NKT",0.98350860249444,""
"Valve.disease.",168.094223405377,286.171631161426,0.587389542154014,0.559221986076668,0.495747683570751,83.33232187484,"CD8neg_NKT",0.965841520091789,""
"Heart.failure.",-364.150028915356,554.32606824051,-0.656923875276527,0.513828184144353,0.251123601166961,-91.4466666262772,"CD8neg_NKT",0.965841520091789,""
"Sex.assigned.at.birth",121.214592317065,264.388874659139,0.458470850837956,0.64832752859124,0.502247202333923,60.8796898732929,"CD8neg_NKT",0.98350860249444,""
"Age.at.enrollment",6.04298873920193,11.2936468989847,0.535078597131028,0.594641150057424,14.4381252058382,87.2494280340676,"CD8neg_NKT",0.965841520091789,""
"BMI",8.73989193669159,20.5045813418705,0.42624093567054,0.671510081341529,7.00700987493149,61.2405091062321,"CD8neg_NKT",0.98350860249444,""
"Smoking",-334.686447201491,277.277256838174,-1.20704615668072,0.232314146265937,0.493196961916072,-165.066338954259,"CD8neg_NKT",0.885006271489284,""
"Diabetes",424.155114015087,362.323601374969,1.17065273254482,0.246525834041157,0.412419798373078,174.929966601012,"CD8neg_NKT",0.90437678244216,""
"History.of.cancer",111.442718396923,477.152514405979,0.233557856308609,0.816150630623913,0.292857927612974,32.6368835572791,"CD8neg_NKT",0.993925621329704,""
"Hypertension",60.3595357727499,334.122417452575,0.180650960905122,0.857271311275237,0.474578997876249,28.6453679993073,"CD8neg_NKT",0.993925621329704,""
"Peripheral.vascular.disease",30.6725663214172,604.47734800771,0.0507422923663072,0.959705225278469,0.226210457696304,6.93845526628801,"CD8neg_NKT",0.993925621329704,""
"Hyperlipidemia",-194.22744815823,335.529356027126,-0.578868717950651,0.564919121339875,0.495747683570751,-96.2878075103007,"CD8neg_NKT",0.965841520091789,""
"Stroke",312.808883057014,582.382073637847,0.537119697217077,0.593239612988021,0.226210457696304,70.7606406077966,"CD8neg_NKT",0.965841520091789,""
"Hypothyroidism",-386.459202800469,593.293950176187,-0.651378971057609,0.517374573988968,0.226210457696304,-87.4211131464427,"CD8neg_NKT",0.965841520091789,""
"Autoimmune.disease",72.1852070164344,538.082170222666,0.134152757722047,0.893746213447708,0.251123601166961,18.1274091369496,"CD8neg_NKT",0.993925621329704,""
"History.of.thrombosis.pulmonary.embolism",-314.301307413606,663.409634103195,-0.473766570843491,0.637444940559506,0.197278784766429,-62.004979977056,"CD8neg_NKT",0.977551346544929,""
"Coronary.artery.disease.",-95.5057859399451,182.957481147166,-0.522010826456026,0.603650792874559,0.503322295684717,-48.0701914304663,"CD8pos_NKT",0.965841520091789,""
"Valve.disease.",-59.232577245955,137.579726390853,-0.430532744902254,0.668403838369517,0.495747683570751,-29.3644129616078,"CD8pos_NKT",0.98350860249444,""
"Heart.failure.",-389.414164495546,266.497515810109,-1.46122999800501,0.149349083477826,0.251123601166961,-97.7910873335449,"CD8pos_NKT",0.857751222092618,""
"Sex.assigned.at.birth",-131.765450560052,127.107459564612,-1.03664608679456,0.304203579255074,0.502247202333923,-66.1788289080549,"CD8pos_NKT",0.915493124612476,""
"Age.at.enrollment",8.22907582755635,5.42952788161157,1.51561535496044,0.135048053894043,14.4381252058382,118.812427126595,"CD8pos_NKT",0.845237005878458,""
"BMI",1.21822408389546,9.85777199271803,0.123580062999566,0.902075046389898,7.00700987493149,8.53610818573486,"CD8pos_NKT",0.993925621329704,""
"Smoking",-214.756202605595,133.303671560245,-1.6110299145702,0.112602530870687,0.493196961916072,-105.917106677712,"CD8pos_NKT",0.833038494214509,""
"Diabetes",-183.299117415251,174.190508471463,-1.05229107500585,0.297030447687156,0.412419798373078,-75.5961850463609,"CD8pos_NKT",0.915493124612476,""
"History.of.cancer",-272.15947184742,229.39559771266,-1.18641976812618,0.240293799225558,0.292857927612974,-79.7040589054769,"CD8pos_NKT",0.894116462234634,""
"Hypertension",-103.539756527154,160.632521775876,-0.644575303820599,0.52174373795053,0.474578997876249,-49.1377938930076,"CD8pos_NKT",0.965841520091789,""
"Peripheral.vascular.disease",205.794893279384,290.608219308285,0.708152349473198,0.481686984955843,0.226210457696304,46.5529570002914,"CD8pos_NKT",0.957516151516251,""
"Hyperlipidemia",161.938173483879,161.308920842233,1.00390091656656,0.319596376278562,0.495747683570751,80.2804743863115,"CD8pos_NKT",0.915493124612476,""
"Stroke",663.173259474998,279.985706552568,2.36859683889073,0.0212079295652286,0.226210457696304,150.016726557789,"CD8pos_NKT",0.565544788406096,""
"Hypothyroidism",-16.8584057579204,285.231694711711,-0.059104251282311,0.95307224621731,0.226210457696304,-3.81354768252917,"CD8pos_NKT",0.993925621329704,""
"Autoimmune.disease",391.51745906643,258.688107743537,1.5134729712994,0.135590103026336,0.251123601166961,98.3192742405002,"CD8pos_NKT",0.845237005878458,""
"History.of.thrombosis.pulmonary.embolism",207.6584573618,318.940474898045,0.651088443472663,0.517560746387149,0.197278784766429,40.9666081148072,"CD8pos_NKT",0.965841520091789,""
"Coronary.artery.disease.",542.940561234187,1013.82657455815,0.535535933718065,0.594326981460569,0.503322295684717,273.274089700739,"cDCs",0.965841520091789,""
"Valve.disease.",-275.141120881367,762.373759525529,-0.360900565429487,0.719484991354077,0.495747683570751,-136.400573331998,"cDCs",0.993925621329704,""
"Heart.failure.",-706.774516374366,1476.74892487556,-0.47860167999372,0.634021329325787,0.251123601166961,-177.487761764968,"cDCs",0.97541742973198,""
"Sex.assigned.at.birth",1477.52646823607,704.343542134378,2.09773552229742,0.0402962429555584,0.502247202333923,742.083535045888,"cDCs",0.651263058471984,""
"Age.at.enrollment",6.72646695752731,30.0867699925015,0.223568929439875,0.823878341475401,14.4381252058382,97.1175721257126,"cDCs",0.993925621329704,""
"BMI",-33.401463575881,54.625102780649,-0.611467290231141,0.543279615579702,7.00700987493149,-234.044385113363,"cDCs",0.965841520091789,""
"Smoking",-893.158019438436,738.67875676119,-1.20912915291429,0.231519157873647,0.493196961916072,-440.502821698012,"cDCs",0.885006271489284,""
"Diabetes",-35.3241999838663,965.245943575896,-0.0365960615726625,0.97093275016793,0.412419798373078,-14.5683994350364,"cDCs",0.995828461710697,""
"History.of.cancer",-956.854770895953,1271.15519731426,-0.752744254137993,0.454648061788384,0.292857927612974,-280.222505231176,"cDCs",0.957516151516251,""
"Hypertension",-806.311179852584,890.11675441508,-0.90584878427823,0.368763713704675,0.474578997876249,-382.658351710856,"cDCs",0.95240187487403,""
"Peripheral.vascular.disease",527.348060767024,1610.35413076534,0.327473349303854,0.744488981656214,0.226210457696304,119.291646191367,"cDCs",0.993925621329704,""
"Hyperlipidemia",21.2644233337256,893.86490040058,0.0237893034217991,0.981102330350515,0.495747683570751,10.5417886101623,"cDCs",0.996377893956585,""
"Stroke",314.824728663986,1551.49135208691,0.202917488544499,0.839909706763967,0.226210457696304,71.2166459651949,"cDCs",0.993925621329704,""
"Hypothyroidism",-208.325301826266,1580.56106911739,-0.131804652092689,0.895594972136597,0.226210457696304,-47.1253618758402,"cDCs",0.993925621329704,""
"Autoimmune.disease",-601.451473692163,1433.47446908499,-0.419575992920251,0.676345321095596,0.251123601166961,-151.038660000752,"cDCs",0.983775012502685,""
"History.of.thrombosis.pulmonary.embolism",-1768.78209825222,1767.35232211543,-1.0008089932714,0.321076385674855,0.197278784766429,-348.943182859812,"cDCs",0.915493124612476,""
"Coronary.artery.disease.",-130.83776054346,4208.63730017909,-0.0310879154489963,0.975306159332026,0.503322295684717,-65.8535619989815,"Classical.monocyte",0.996377893956585,""
"Valve.disease.",-814.03055568977,3164.79634834515,-0.257214198352896,0.797923754617706,0.495747683570751,-403.553762339015,"Classical.monocyte",0.993925621329704,""
"Heart.failure.",-9678.87039890144,6130.33901872157,-1.57884749429729,0.119809946723584,0.251123601166961,-2430.59278980043,"Classical.monocyte",0.842799474991767,""
"Sex.assigned.at.birth",2997.98560992658,2923.89899609697,1.02533829449256,0.309461047836375,0.502247202333923,1505.72988522298,"Classical.monocyte",0.915493124612476,""
"Age.at.enrollment",201.289784397839,124.897399229781,1.61164112014466,0.112469117435087,14.4381252058382,2906.24710979217,"Classical.monocyte",0.833038494214509,""
"BMI",-261.441000636108,226.761904706385,-1.15293175445244,0.253667903838297,7.00700987493149,-1831.91967316918,"Classical.monocyte",0.915493124612476,""
"Smoking",-3672.92265429728,3066.43270808911,-1.19778354979331,0.235873351014141,0.493196961916072,-1811.47429445213,"Classical.monocyte",0.891489830604627,""
"Diabetes",4416.3364610914,4006.96744781084,1.10216429721789,0.274942847686507,0.412419798373078,1821.38459283099,"Classical.monocyte",0.915493124612476,""
"History.of.cancer",-7594.60052106989,5276.87013931832,-1.43922444944817,0.155462241803975,0.292857927612974,-2224.13896964894,"Classical.monocyte",0.857751222092618,""
"Hypertension",-2637.00578241041,3695.08816217244,-0.713651655028455,0.478304584689541,0.474578997876249,-1251.46756161021,"Classical.monocyte",0.957516151516251,""
"Peripheral.vascular.disease",4473.49129581979,6684.96627659445,0.669186815718499,0.506031419553839,0.226210457696304,1011.95051352782,"Classical.monocyte",0.965841520091789,""
"Hyperlipidemia",-167.95848468332,3710.64761523567,-0.0452639275132712,0.964052425142295,0.495747683570751,-83.2650297178094,"Classical.monocyte",0.993925621329704,""
"Stroke",1857.31700086062,6440.61276273416,0.288375822189961,0.774087156576048,0.226210457696304,420.144528851807,"Classical.monocyte",0.993925621329704,""
"Hypothyroidism",-6884.03192736154,6561.28813115546,-1.04918909058018,0.298443388613842,0.226210457696304,-1557.24001308442,"Classical.monocyte",0.915493124612476,""
"Autoimmune.disease",1726.93103306951,5950.69637237986,0.290206544747445,0.772693301085964,0.251123601166961,433.673139991396,"Classical.monocyte",0.993925621329704,""
"History.of.thrombosis.pulmonary.embolism",-4046.82125184999,7336.70342844866,-0.551585775725663,0.583351155355297,0.197278784766429,-798.351978731924,"Classical.monocyte",0.965841520091789,""
"Coronary.artery.disease.",-4125.80781635884,2205.26462946574,-1.87089012412918,0.0664078718317277,0.503322295684717,-2076.61106168368,"CM_CD4",0.76742911547725,""
"Valve.disease.",-959.950005971719,1658.30717847102,-0.578873455071699,0.564915946097544,0.495747683570751,-475.892991804209,"CM_CD4",0.965841520091789,""
"Heart.failure.",-1560.64682511646,3212.20833262232,-0.485848570052869,0.628905034405513,0.251123601166961,-391.91525087303,"CM_CD4",0.97541742973198,""
"Sex.assigned.at.birth",-14.265930349746,1532.08047553745,-0.00931147585099381,0.992602579056769,0.502247202333923,-7.16502360685053,"CM_CD4",0.99678509220953,""
"Age.at.enrollment",89.5922050200478,65.4444175605195,1.36898162379087,0.176283559863801,14.4381252058382,1293.54347354657,"CM_CD4",0.863429680965556,""
"BMI",138.450250120429,118.81993436165,1.16521062618189,0.248703615171594,7.00700987493149,970.12226978058,"CM_CD4",0.90437678244216,""
"Smoking",-1177.35131867979,1606.7660640412,-0.732745945429426,0.466664483462635,0.493196961916072,-580.666093480753,"CM_CD4",0.957516151516251,""
"Diabetes",2640.2152961795,2099.59256496202,1.25748935304849,0.213616276319785,0.412419798373078,1088.87706011186,"CM_CD4",0.87486625665742,""
"History.of.cancer",-4866.46106408914,2765.00307404191,-1.76002012792532,0.0836771188847785,0.292857927612974,-1425.18170203837,"CM_CD4",0.76742911547725,""
"Hypertension",-669.898915450645,1936.17236307098,-0.345991363283438,0.730601133907697,0.474578997876249,-317.919955972953,"CM_CD4",0.993925621329704,""
"Peripheral.vascular.disease",2176.19251102141,3502.82493535798,0.621267848431316,0.536857574808477,0.226210457696304,492.277503953421,"CM_CD4",0.965841520091789,""
"Hyperlipidemia",1073.51277583393,1944.32528978974,0.552126118747356,0.582983329341107,0.495747683570751,532.191471903278,"CM_CD4",0.965841520091789,""
"Stroke",6637.95517419981,3374.78725409263,1.96692551986793,0.0539819251895093,0.226210457696304,1501.57487812329,"CM_CD4",0.703937406570763,""
"Hypothyroidism",-1685.01597173758,3438.01938902047,-0.490112410976735,0.625903267794661,0.226210457696304,-381.16823419234,"CM_CD4",0.97541742973198,""
"Autoimmune.disease",2665.53404598038,3118.07820316114,0.854864397973737,0.396143692213248,0.251123601166961,669.378508659733,"CM_CD4",0.955522473680196,""
"History.of.thrombosis.pulmonary.embolism",-214.319572028955,3844.3257077414,-0.0557495873977002,0.955732901169401,0.197278784766429,-42.2807047215333,"CM_CD4",0.993925621329704,""
"Coronary.artery.disease.",-745.579905551189,284.984145763347,-2.61621538122448,0.0113166273461711,0.503322295684717,-375.266989678419,"CM_CD8",0.434747926370781,""
"Valve.disease.",-307.072731024605,214.301380594076,-1.43290131950319,0.15725439071698,0.495747683570751,-152.230595093192,"CM_CD8",0.857751222092618,""
"Heart.failure.",-418.044158045804,415.1104749311,-1.00706723460831,0.318085509424142,0.251123601166961,-104.980754415273,"CM_CD8",0.915493124612476,""
"Sex.assigned.at.birth",-104.755675426712,197.989229831125,-0.529097847979223,0.59875678860305,0.502247202333923,-52.6132449116666,"CM_CD8",0.965841520091789,""
"Age.at.enrollment",0.647832645516389,8.45731672483355,0.0766002582845375,0.939205179490612,14.4381252058382,9.353488848395,"CM_CD8",0.993925621329704,""
"BMI",23.4079595480617,15.354981457221,1.52445378154811,0.132829968166178,7.00700987493149,164.019803705265,"CM_CD8",0.845237005878458,""
"Smoking",-151.1572968142,207.640773848195,-0.727975021537489,0.469557692774999,0.493196961916072,-74.5503195602094,"CM_CD8",0.957516151516251,""
"Diabetes",167.852509548769,271.328250397657,0.618632631518338,0.538580504697479,0.412419798373078,69.2256981445184,"CM_CD8",0.965841520091789,""
"History.of.cancer",-513.746851294296,357.318585969324,-1.43778373548808,0.155869174174951,0.292857927612974,-150.454838187738,"CM_CD8",0.857751222092618,""
"Hypertension",-26.9827275302532,250.209620907974,-0.107840487637274,0.914494416520602,0.474578997876249,-12.8054357912754,"CM_CD8",0.993925621329704,""
"Peripheral.vascular.disease",458.998258962312,452.666568276383,1.01398753769256,0.314800099246088,0.226210457696304,103.830206241671,"CM_CD8",0.915493124612476,""
"Hyperlipidemia",404.785190051231,251.263215485863,1.61100059659949,0.112608933588339,0.495747683570751,200.671320311644,"CM_CD8",0.833038494214509,""
"Stroke",953.468561832761,436.120386592164,2.18625084069824,0.0328461467044914,0.226210457696304,215.684559771225,"CM_CD8",0.651263058471984,""
"Hypothyroidism",63.9632992359762,444.291812241687,0.143966864735246,0.886025695297498,0.226210457696304,14.4691671959358,"CM_CD8",0.993925621329704,""
"Autoimmune.disease",111.494990615986,402.946132304525,0.276699493250686,0.782994560540271,0.251123601166961,27.999023555563,"CM_CD8",0.993925621329704,""
"History.of.thrombosis.pulmonary.embolism",-112.993606724014,496.798372049426,-0.227443592976936,0.820878668870924,0.197278784766429,-22.2912414208893,"CM_CD8",0.993925621329704,""
"Coronary.artery.disease.",1389.53460709992,1470.93146001104,0.944663055265334,0.348749709203346,0.503322295684717,699.383748378892,"DCs",0.945761923263311,""
"Valve.disease.",-314.736636272195,1106.10589159366,-0.284544760735998,0.777006422514792,0.495747683570751,-156.029958366791,"DCs",0.993925621329704,""
"Heart.failure.",-940.534440730196,2142.57202035134,-0.438974481042632,0.662311051194168,0.251123601166961,-236.190395777721,"DCs",0.98350860249444,""
"Sex.assigned.at.birth",2377.90630432929,1021.9115386994,2.32691990869941,0.0234828986043502,0.502247202333923,1194.29678876158,"DCs",0.588416332096003,""
"Age.at.enrollment",7.7103315221976,43.6520186219957,0.176631728969172,0.860413003774793,14.4381252058382,111.32273189601,"DCs",0.993925621329704,""
"BMI",-80.8532848677509,79.2539712439587,-1.02017960234282,0.311879885091015,7.00700987493149,-566.539765488979,"DCs",0.915493124612476,""
"Smoking",-941.36274118007,1071.72750195014,-0.878360161017746,0.383372618419707,0.493196961916072,-464.277244010996,"DCs",0.955522473680196,""
"Diabetes",181.168732121833,1400.44723691782,0.129364910969841,0.897516495487969,0.412419798373078,74.7175719731925,"DCs",0.993925621329704,""
"History.of.cancer",-1262.45711792485,1844.28206678343,-0.68452496538486,0.496370048151231,0.292857927612974,-369.72057525572,"DCs",0.957516151516251,""
"Hypertension",-1574.07685457527,1291.44448371032,-1.2188498030151,0.22783541972895,0.474578997876249,-747.02381622453,"DCs",0.885006271489284,""
"Peripheral.vascular.disease",243.503846747915,2336.41592373312,0.104221103902958,0.917353451392721,0.226210457696304,55.0831166236564,"DCs",0.993925621329704,""
"Hyperlipidemia",73.9957014207809,1296.88255959543,0.0570565938089754,0.954696224850001,0.495747683570751,36.6831975735451,"DCs",0.993925621329704,""
"Stroke",320.361593790181,2251.01363190673,0.142318815510156,0.88732142105836,0.226210457696304,72.4691427595941,"DCs",0.993925621329704,""
"Hypothyroidism",-423.048792956897,2293.19003799707,-0.184480477390525,0.854280068675565,0.226210457696304,-95.6980610826484,"DCs",0.993925621329704,""
"Autoimmune.disease",-1435.7046947569,2079.7863723573,-0.690313540774685,0.492750274340824,0.251123601166961,-360.539333159665,"DCs",0.957516151516251,""
"History.of.thrombosis.pulmonary.embolism",-2335.25325956219,2564.20002864508,-0.91071415391729,0.366215486946412,0.197278784766429,-460.69592516827,"DCs",0.95240187487403,""
"Coronary.artery.disease.",-181.18591036323,417.207784989825,-0.434282189551302,0.665694894722704,0.503322295684717,-91.1949083497462,"Eary.NK",0.98350860249444,""
"Valve.disease.",189.961147510615,313.730450086725,0.605491585079179,0.547214505154726,0.495747683570751,94.1727988468292,"Eary.NK",0.965841520091789,""
"Heart.failure.",-808.002228146614,607.708619397706,-1.32958823086534,0.188859776714947,0.251123601166961,-202.908429283106,"Eary.NK",0.87166050791514,""
"Sex.assigned.at.birth",1.17293731137876,289.849976771265,0.0040467048658913,0.99678509220953,0.502247202333923,0.589104483153056,"Eary.NK",0.99678509220953,""
"Age.at.enrollment",18.8467199665216,12.3812444663335,1.52219916323992,0.133393017746449,14.4381252058382,272.111302596009,"Eary.NK",0.845237005878458,""
"BMI",10.8201638546585,22.4792076947564,0.481340979699318,0.63208525871786,7.00700987493149,75.8169949779689,"Eary.NK",0.97541742973198,""
"Smoking",-602.953690067838,303.979532260423,-1.98353384382235,0.0520484346184194,0.493196961916072,-297.374928117542,"Eary.NK",0.703937406570763,""
"Diabetes",-58.8771239735807,397.215985648456,-0.14822445747611,0.882679755172628,0.412419798373078,-24.2820915979708,"Eary.NK",0.993925621329704,""
"History.of.cancer",-539.078638957595,523.103119960056,-1.03053990386974,0.307034996172267,0.292857927612974,-157.873453025544,"Eary.NK",0.915493124612476,""
"Hypertension",-62.4570449705624,366.298979343382,-0.170508378381292,0.865203755765707,0.474578997876249,-29.6408018124413,"Eary.NK",0.993925621329704,""
"Peripheral.vascular.disease",459.068477261935,662.689553426466,0.692735346269307,0.491240162909204,0.226210457696304,103.846090355367,"Eary.NK",0.957516151516251,""
"Hyperlipidemia",-217.599691980506,367.841408515857,-0.591558445957631,0.55644506392786,0.495747683570751,-107.874543245045,"Eary.NK",0.965841520091789,""
"Stroke",598.763048643583,638.466466236749,0.937814404212666,0.352228741954847,0.226210457696304,135.446463285299,"Eary.NK",0.949830315383857,""
"Hypothyroidism",15.5771228460473,650.429175201891,0.0239489915888417,0.980975502368718,0.226210457696304,3.52370808859591,"Eary.NK",0.996377893956585,""
"Autoimmune.disease",183.169170263193,589.900406139047,0.310508635622159,0.757287298684993,0.251123601166961,45.9981016592573,"Eary.NK",0.993925621329704,""
"History.of.thrombosis.pulmonary.embolism",-168.335145862317,727.297119754195,-0.23145306270319,0.817777460303256,0.197278784766429,-33.2089530091974,"Eary.NK",0.993925621329704,""
"Coronary.artery.disease.",-6863.46071888634,3826.86786757427,-1.79349299646368,0.0781078861811029,0.503322295684717,-3454.53280537175,"Effector_CD4",0.76742911547725,""
"Valve.disease.",-4558.75140270397,2877.71470646403,-1.58415682849447,0.118595976761605,0.495747683570751,-2259.99044786541,"Effector_CD4",0.842799474991767,""
"Heart.failure.",-9737.282002062,5574.25022277023,-1.74683259863115,0.0859600628414076,0.251123601166961,-2445.26132193605,"Effector_CD4",0.76742911547725,""
"Sex.assigned.at.birth",2643.34904600835,2658.66937873692,0.994237593868911,0.324237148300252,0.502247202333923,1327.61466314974,"Effector_CD4",0.915493124612476,""
"Age.at.enrollment",155.817857810757,113.567839128287,1.37202450100987,0.175339425009946,14.4381252058382,2249.7177403772,"Effector_CD4",0.863429680965556,""
"BMI",520.511845324558,206.192119875447,2.52440222079768,0.0143482995917652,7.00700987493149,3647.23164020799,"Effector_CD4",0.434747926370781,""
"Smoking",-2503.29260332797,2788.2737241733,-0.897792989843627,0.373007736239785,0.493196961916072,-1234.61630674833,"Effector_CD4",0.95240187487403,""
"Diabetes",-722.438999489769,3643.49167646043,-0.198282050198507,0.843517760429312,0.412419798373078,-297.948146506418,"Effector_CD4",0.993925621329704,""
"History.of.cancer",-3587.57217522935,4798.20030503939,-0.747691206526214,0.457667299455232,0.292857927612974,-1050.64895239964,"Effector_CD4",0.957516151516251,""
"Hypertension",-4230.86076357685,3359.90325302445,-1.25922100875029,0.212994767413419,0.474578997876249,-2007.87766133224,"Effector_CD4",0.87486625665742,""
"Peripheral.vascular.disease",7882.55214180668,6078.56672244679,1.29677808959441,0.19984295566721,0.226210457696304,1783.11572781307,"Effector_CD4",0.872041988366007,""
"Hyperlipidemia",-156.218041698783,3374.05129352254,-0.0462998419729684,0.963230316723957,0.495747683570751,-77.4447323041307,"Effector_CD4",0.993925621329704,""
"Stroke",25458.2045351851,5856.37874476551,4.34708983908185,5.63825608863092e-05,0.226210457696304,5758.91210003033,"Effector_CD4",0.00902120974180947,"**"
"Hypothyroidism",-6122.48532394747,5966.10753745561,-1.02621102377222,0.309053098554141,0.226210457696304,-1384.97020736906,"Effector_CD4",0.915493124612476,""
"Autoimmune.disease",-4802.27738557925,5410.90312918679,-0.887518639850606,0.378465398629917,0.251123601166961,-1205.96519086932,"Effector_CD4",0.955522473680196,""
"History.of.thrombosis.pulmonary.embolism",-5087.25828985558,6671.18418663862,-0.762572003340065,0.448808997039614,0.197278784766429,-1003.60813321565,"Effector_CD4",0.957516151516251,""
"Coronary.artery.disease.",-6333.36044141049,2742.72566862261,-2.3091483460652,0.0245173471706668,0.503322295684717,-3187.7215167695,"Effector_CD8",0.588416332096003,""
"Valve.disease.",-1468.67197703074,2062.46524978524,-0.712095380605159,0.479260432830028,0.495747683570751,-728.090730538265,"Effector_CD8",0.957516151516251,""
"Heart.failure.",-4335.21576015743,3995.07892573469,-1.08513895238257,0.28234998651268,0.251123601166961,-1088.6749935265,"Effector_CD8",0.915493124612476,""
"Sex.assigned.at.birth",-913.733370962479,1905.47492147014,-0.479530515288809,0.633364562129142,0.502247202333923,-458.92002924505,"Effector_CD8",0.97541742973198,""
"Age.at.enrollment",90.0257262552278,81.3943512778235,1.1060439065107,0.273274177161561,14.4381252058382,1299.80270741949,"Effector_CD8",0.915493124612476,""
"BMI",119.59324954965,147.778402448101,0.809274207654599,0.421664999995148,7.00700987493149,837.991080569543,"Effector_CD8",0.957516151516251,""
"Smoking",-1552.9249350799,1998.36267649438,-0.777098648481623,0.440258605626141,0.493196961916072,-765.89786006512,"Effector_CD8",0.957516151516251,""
"Diabetes",2262.40630259509,2611.29949876611,0.866390968812318,0.389845818291891,0.412419798373078,933.061151154247,"Effector_CD8",0.955522473680196,""
"History.of.cancer",-2883.43911436663,3438.88202969657,-0.838481544137485,0.405202689072735,0.292857927612974,-844.4380034316,"Effector_CD8",0.957516151516251,""
"Hypertension",-3063.46523799702,2408.05097407245,-1.27217624169149,0.208387450571706,0.474578997876249,-1453.85626267735,"Effector_CD8",0.872097302073404,""
"Peripheral.vascular.disease",3733.19779356631,4356.5238087663,0.85692124212756,0.395015278019992,0.226210457696304,844.488381553466,"Effector_CD8",0.955522473680196,""
"Hyperlipidemia",5150.02090182564,2418.19090970065,2.12969988480486,0.0374513886990957,0.495747683570751,2553.11093242101,"Effector_CD8",0.651263058471984,""
"Stroke",10614.1504667236,4197.28113545391,2.52881570811808,0.0141872064566138,0.226210457696304,2401.03183513498,"Effector_CD8",0.434747926370781,""
"Hypothyroidism",-1624.93139345587,4275.92403265143,-0.380018770457032,0.705319547385734,0.226210457696304,-367.576474238745,"Effector_CD8",0.993925621329704,""
"Autoimmune.disease",-2791.27545256134,3878.00765963159,-0.719770484627282,0.474556844018905,0.251123601166961,-700.955143496143,"Effector_CD8",0.957516151516251,""
"History.of.thrombosis.pulmonary.embolism",12127.6260790281,4781.25421152861,2.53649472345265,0.0139108189196862,0.197278784766429,2392.52333497231,"Effector_CD8",0.434747926370781,""
"Coronary.artery.disease.",-69.5775845011773,50.5838958627606,-1.37548884510494,0.174269236221674,0.503322295684717,-35.0199495593299,"gd_T",0.863429680965556,""
"Valve.disease.",12.9062881340094,38.0379009863178,0.339300744766433,0.735608691325518,0.495747683570751,6.39826244593184,"gd_T",0.993925621329704,""
"Heart.failure.",-61.834744322059,73.6809585642447,-0.839222853868594,0.404790052154388,0.251123601166961,-15.5281636713938,"gd_T",0.957516151516251,""
"Sex.assigned.at.birth",-20.8177119263541,35.1425394451324,-0.592379271818319,0.555899122735343,0.502247202333923,-10.4556375740049,"gd_T",0.965841520091789,""
"Age.at.enrollment",2.05697117374849,1.50115027396161,1.37026333034603,0.175885402854317,14.4381252058382,29.6988073513806,"gd_T",0.863429680965556,""
"BMI",0.351921679952624,2.72546664280642,0.129123458869505,0.897706695234548,7.00700987493149,2.46591868663052,"gd_T",0.993925621329704,""
"Smoking",-65.5565040418602,36.8556617529247,-1.77873631686068,0.0805237615567894,0.493196961916072,-32.3322686272841,"gd_T",0.76742911547725,""
"Diabetes",23.7430855735035,48.1600122911305,0.493004142731007,0.623871083333245,0.412419798373078,9.79211856497904,"gd_T",0.97541742973198,""
"History.of.cancer",-61.8905042742563,63.4230584795774,-0.975836009141461,0.333198352011304,0.292857927612974,-18.1251248206806,"gd_T",0.923098823687415,""
"Hypertension",-59.3609099097046,44.4115141000856,-1.33661081169016,0.186569426035825,0.474578997876249,-28.1714411379699,"gd_T",0.869533253834619,""
"Peripheral.vascular.disease",88.4282140531642,80.3470610230373,1.1005780787403,0.27562715251294,0.226210457696304,20.003386774233,"gd_T",0.915493124612476,""
"Hyperlipidemia",64.5260414152256,44.5985242169704,1.44682010331348,0.15333050162897,0.495747683570751,31.9886355615885,"gd_T",0.857751222092618,""
"Stroke",125.818428286508,77.4101596420885,1.6253477433484,0.109510693209311,0.226210457696304,28.4614442493205,"gd_T",0.833038494214509,""
"Hypothyroidism",-25.4475418378275,78.8605650427068,-0.322690331017111,0.748090185645632,0.226210457696304,-5.75650008638079,"gd_T",0.993925621329704,""
"Autoimmune.disease",93.8064423866725,71.5218214690444,1.31157792768565,0.194830827311889,0.251123601166961,23.5570116248023,"gd_T",0.872041988366007,""
"History.of.thrombosis.pulmonary.embolism",342.169644592934,88.180333854099,3.88033963626266,0.000269173853025531,0.197278784766429,67.5028116692549,"gd_T",0.0215339082420425,"*"
"Coronary.artery.disease.",-341.802466802437,195.727791165122,-1.74631545560171,0.0860506294649118,0.503322295684717,-172.036802261702,"ILC",0.76742911547725,""
"Valve.disease.",-191.53902807762,147.182699426886,-1.30136917466151,0.198277899844031,0.495747683570751,-94.9550294828732,"ILC",0.872041988366007,""
"Heart.failure.",-200.980293258732,285.098864465388,-0.704949469495805,0.483663083631989,0.251123601166961,-50.4708950067247,"ILC",0.957516151516251,""
"Sex.assigned.at.birth",46.0355234057309,135.979475368815,0.338547588015541,0.736173114680099,0.502247202333923,23.1212128385062,"ILC",0.993925621329704,""
"Age.at.enrollment",-2.06644466303863,5.80850530229185,-0.35576186221665,0.723309626018759,14.4381252058382,-29.8355867758878,"ILC",0.993925621329704,""
"BMI",19.0665637564567,10.5458378954841,1.80797049465565,0.0757968507816927,7.00700987493149,133.599600522503,"ILC",0.76742911547725,""
"Smoking",83.8077863803747,142.608178824349,0.587678680642861,0.559029167311847,0.493196961916072,41.3337456277119,"ILC",0.965841520091789,""
"Diabetes",35.1198606052623,186.348889650621,0.188462945344656,0.851171634003877,0.412419798373078,14.4841258297129,"ILC",0.993925621329704,""
"History.of.cancer",84.8413533502816,245.407257258784,0.345716562329759,0.730806577097527,0.292857927612974,24.8464629180435,"ILC",0.993925621329704,""
"Hypertension",-178.32864772533,171.84456453675,-1.03773225650785,0.303701795574914,0.474578997876249,-84.6310309301138,"ILC",0.915493124612476,""
"Peripheral.vascular.disease",165.254627043048,310.892478968307,0.531549131041844,0.5970683408586,0.226210457696304,37.3823248198398,"ILC",0.965841520091789,""
"Hyperlipidemia",97.89465902902,172.568175806287,0.567281067738176,0.572712443639549,0.495747683570751,48.5310504475852,"ILC",0.965841520091789,""
"Stroke",1391.80015200286,299.528521915207,4.64663646421244,1.98737144841042e-05,0.226210457696304,314.839749406352,"ILC",0.00760413637357889,"**"
"Hypothyroidism",-85.6038063970339,305.140676544957,-0.280538823490554,0.780062402316976,0.226210457696304,-19.3644762256188,"ILC",0.993925621329704,""
"Autoimmune.disease",-194.082701716031,276.744364930343,-0.701306788179345,0.485916004130027,0.251123601166961,-48.7387469791429,"ILC",0.957516151516251,""
"History.of.thrombosis.pulmonary.embolism",-193.128892642685,341.202307079949,-0.566024580242455,0.573560636897665,0.197278784766429,-38.100233243835,"ILC",0.965841520091789,""
"Coronary.artery.disease.",-809.045288487168,773.850260508897,-1.04548041110063,0.300138711805959,0.503322295684717,-407.210531914265,"Mature.NK",0.915493124612476,""
"Valve.disease.",-245.947553962304,581.917210713378,-0.422650420771702,0.674113187959731,0.495747683570751,-121.927930156705,"Mature.NK",0.98350860249444,""
"Heart.failure.",-716.319804988427,1127.19726321954,-0.6354875303214,0.527609939327703,0.251123601166961,-179.884809015909,"Mature.NK",0.965841520091789,""
"Sex.assigned.at.birth",469.722393276166,537.62294976929,0.873702273085139,0.385883638570806,0.502247202333923,235.916757896549,"Mature.NK",0.955522473680196,""
"Age.at.enrollment",52.154353005036,22.9651257728332,2.2710240527719,0.0268741589679883,14.4381252058382,753.011078716192,"Mature.NK",0.614266490696875,""
"BMI",-4.0217543790369,41.6951489317129,-0.0964561701320125,0.923490805038402,7.00700987493149,-28.1804726484605,"Mature.NK",0.993925621329704,""
"Smoking",-591.672268512106,563.830898397158,-1.04937893647563,0.298356782526933,0.493196961916072,-291.810965280161,"Mature.NK",0.915493124612476,""
"Diabetes",1422.55043799756,736.768835653084,1.93079615906472,0.0584012786457846,0.412419798373078,586.687964814487,"Mature.NK",0.73770036184149,""
"History.of.cancer",338.819215654751,970.268293684833,0.349201574306836,0.728202629219278,0.292857927612974,99.2258933321037,"Mature.NK",0.993925621329704,""
"Hypertension",-556.812778426898,679.422989664328,-0.819537735545266,0.415834738952409,0.474578997876249,-264.251650390527,"Mature.NK",0.957516151516251,""
"Peripheral.vascular.disease",1463.45969209342,1229.17764721984,1.19060063889339,0.238660548723444,0.226210457696304,331.049886768544,"Mature.NK",0.894116462234634,""
"Hyperlipidemia",-157.257664422019,682.283936319399,-0.230487127207406,0.818524317893708,0.495747683570751,-77.9601228609625,"Mature.NK",0.993925621329704,""
"Stroke",210.005107554292,1184.24789517183,0.17733205050267,0.859865422420835,0.226210457696304,47.5053514984179,"Mature.NK",0.993925621329704,""
"Hypothyroidism",-1619.45258914563,1206.43670799395,-1.34234359615802,0.184715390643775,0.226210457696304,-366.337111408097,"Mature.NK",0.869533253834619,""
"Autoimmune.disease",-117.376164042965,1094.16602323501,-0.107274546595708,0.914941392544802,0.251123601166961,-29.4759250056334,"Mature.NK",0.993925621329704,""
"History.of.thrombosis.pulmonary.embolism",-319.151600484474,1349.01381478987,-0.236581417466202,0.813815094117002,0.197278784766429,-62.9618398998378,"Mature.NK",0.993925621329704,""
"Coronary.artery.disease.",38.5479072542019,1409.9171037197,0.0273405487120506,0.978281972160066,0.503322295684717,19.4020211730264,"MDSC_like",0.996377893956585,""
"Valve.disease.",601.089753328166,1060.22452947694,0.566945714437216,0.572938764476341,0.495747683570751,297.988852830553,"MDSC_like",0.965841520091789,""
"Heart.failure.",-451.008147256189,2053.69795912991,-0.219607827553798,0.826947663501822,0.251123601166961,-113.258790094613,"MDSC_like",0.993925621329704,""
"Sex.assigned.at.birth",1501.7619084948,979.522565171051,1.53315703169386,0.13067418270752,0.502247202333923,754.255717113166,"MDSC_like",0.845237005878458,""
"Age.at.enrollment",18.5362591008777,41.8413293482628,0.443013149668184,0.659404218019683,14.4381252058382,267.628829746329,"MDSC_like",0.98350860249444,""
"BMI",-159.021978260335,75.96651008724,-2.09331688500254,0.040703941154499,7.00700987493149,-1114.26857200131,"MDSC_like",0.651263058471984,""
"Smoking",-1412.06210512925,1027.2721582248,-1.37457449208921,0.174551206514435,0.493196961916072,-696.424740286559,"MDSC_like",0.863429680965556,""
"Diabetes",2269.68338112321,1342.35657191847,1.69082003143132,0.0962389305042956,0.412419798373078,936.062362413559,"MDSC_like",0.810433098983542,""
"History.of.cancer",-2397.69439798861,1767.78109703492,-1.35632992230216,0.180250821053422,0.292857927612974,-702.183812444182,"MDSC_like",0.869533253834619,""
"Hypertension",-1521.94210249359,1237.87526175692,-1.22947937446742,0.22385648926736,0.474578997876249,-722.28175782708,"MDSC_like",0.880746843019121,""
"Peripheral.vascular.disease",801.311298213654,2239.50120167373,0.357807934023336,0.721785919348654,0.226210457696304,181.26499552613,"MDSC_like",0.993925621329704,""
"Hyperlipidemia",2206.8440986983,1243.08776581315,1.7752922676821,0.081096476248192,0.495747683570751,1094.03784993146,"MDSC_like",0.76742911547725,""
"Stroke",-3917.61047455419,2157.6414038406,-1.81569118370683,0.0745879848134392,0.226210457696304,-886.204458524736,"MDSC_like",0.76742911547725,""
"Hypothyroidism",-1300.57833017898,2198.06832918473,-0.591691492439349,0.556356554893166,0.226210457696304,-294.204419339681,"MDSC_like",0.965841520091789,""
"Autoimmune.disease",364.705547000652,1993.51666490817,0.182945823037527,0.855478534641568,0.251123601166961,91.5861703283702,"MDSC_like",0.993925621329704,""
"History.of.thrombosis.pulmonary.embolism",565.120247121401,2457.83680343483,0.229925862584385,0.818958363205784,0.197278784766429,111.486235599014,"MDSC_like",0.993925621329704,""
"Coronary.artery.disease.",649.863033284259,1921.94689078854,0.338127466684384,0.736488021401414,0.503322295684717,327.090553793267,"Naive_CD4",0.993925621329704,""
"Valve.disease.",2552.6135809222,1445.25889684579,1.76619814380188,0.0826250716198941,0.495747683570751,1265.45226979342,"Naive_CD4",0.76742911547725,""
"Heart.failure.",-202.025364314554,2799.52516127019,-0.0721641538034586,0.942719549890663,0.251123601166961,-50.7333370137381,"Naive_CD4",0.993925621329704,""
"Sex.assigned.at.birth",1374.88044427943,1335.24896153184,1.02968096878512,0.307434713713038,0.502247202333923,690.529856682965,"Naive_CD4",0.915493124612476,""
"Age.at.enrollment",-73.3734235109102,57.0365538762484,-1.28642806278422,0.203405103425122,14.4381252058382,-1059.37467543151,"Naive_CD4",0.872097302073404,""
"BMI",-41.5752833154081,103.554739126885,-0.40148122303187,0.689541332501183,7.00700987493149,-291.318420744139,"Naive_CD4",0.993925621329704,""
"Smoking",-968.652690904497,1400.33944214517,-0.691727063990015,0.491868565047129,0.493196961916072,-477.736564305926,"Naive_CD4",0.957516151516251,""
"Diabetes",-1108.82037316521,1829.85087060917,-0.605962152968278,0.546904120907116,0.412419798373078,-457.299474732757,"Naive_CD4",0.965841520091789,""
"History.of.cancer",-2061.29464658725,2409.77386122729,-0.855389246166624,0.39585556334234,0.292857927612974,-603.66647839926,"Naive_CD4",0.955522473680196,""
"Hypertension",-440.1715226532,1687.42580981608,-0.260853852117609,0.795129183836336,0.474578997876249,-208.896160114418,"Naive_CD4",0.993925621329704,""
"Peripheral.vascular.disease",-590.296912594659,3052.80527494736,-0.193362124154754,0.847350936645708,0.226210457696304,-133.531334774753,"Naive_CD4",0.993925621329704,""
"Hyperlipidemia",-554.580847528734,1694.53130271184,-0.327276838522376,0.744636825257957,0.495747683570751,-274.932170515074,"Naive_CD4",0.993925621329704,""
"Stroke",4811.06029954766,2941.21702375806,1.63573794816421,0.107310396601199,0.226210457696304,1088.31215236519,"Naive_CD4",0.833038494214509,""
"Hypothyroidism",-120.013054495023,2996.3255143667,-0.0400534100582822,0.968188101912538,0.226210457696304,-27.1482079868506,"Naive_CD4",0.995139804963637,""
"Autoimmune.disease",894.74407492726,2717.48824505154,0.329254073704481,0.743149706301993,0.251123601166961,224.691354218535,"Naive_CD4",0.993925621329704,""
"History.of.thrombosis.pulmonary.embolism",-1881.85592816751,3350.43229844124,-0.561675557223775,0.576501157345856,0.197278784766429,-371.250250614386,"Naive_CD4",0.965841520091789,""
"Coronary.artery.disease.",-624.822236255428,864.449129569338,-0.722798155360178,0.472708553480301,0.503322295684717,-314.48696234694,"Naive_CD8",0.957516151516251,""
"Valve.disease.",163.088090141977,650.04543120757,0.25088721851181,0.802787996710236,0.495747683570751,80.850542905863,"Naive_CD8",0.993925621329704,""
"Heart.failure.",-1136.35189887037,1259.16439234935,-0.90246508380861,0.370542576218348,0.251123601166961,-285.364781037242,"Naive_CD8",0.95240187487403,""
"Sex.assigned.at.birth",294.503924448478,600.56539964067,0.490377775051119,0.625716659486051,0.502247202333923,147.913772130609,"Naive_CD8",0.97541742973198,""
"Age.at.enrollment",-86.805870042322,25.6537782538458,-3.38374601913887,0.00128708330447477,14.4381252058382,-1253.31402027276,"Naive_CD8",0.0882571408782699,""
"BMI",-10.3821086264739,46.5766273407732,-0.222903830080143,0.824393512522403,7.00700987493149,-72.747537668314,"Naive_CD8",0.993925621329704,""
"Smoking",-553.75355762411,629.841655701189,-0.879194877969174,0.38292371812397,0.493196961916072,-273.109572270428,"Naive_CD8",0.955522473680196,""
"Diabetes",-497.273537217847,823.026380136239,-0.604201213010367,0.548066086786978,0.412419798373078,-205.085451955652,"Naive_CD8",0.965841520091789,""
"History.of.cancer",-815.00689802037,1083.86289276818,-0.751946490149551,0.455123965576662,0.292857927612974,-238.681231144524,"Naive_CD8",0.957516151516251,""
"Hypertension",-83.7253376731408,758.966743305726,-0.110314896418873,0.912540474596085,0.474578997876249,-39.7342868497697,"Naive_CD8",0.993925621329704,""
"Peripheral.vascular.disease",1753.56348548249,1373.08417590571,1.27709831360179,0.206656562032746,0.226210457696304,396.674398650519,"Naive_CD8",0.872097302073404,""
"Hyperlipidemia",379.716012842041,762.162636583702,0.498208642900773,0.620220982418629,0.495747683570751,188.243333781163,"Naive_CD8",0.97541742973198,""
"Stroke",1680.88457335766,1322.89425282663,1.27061144136511,0.208939978621753,0.226210457696304,380.233668673892,"Naive_CD8",0.872097302073404,""
"Hypothyroidism",-258.252347608972,1347.68083094013,-0.191627232264495,0.848703501900547,0.226210457696304,-58.4193817537704,"Naive_CD8",0.993925621329704,""
"Autoimmune.disease",1712.13983019996,1222.26600501219,1.4007914997054,0.166604088853861,0.251123601166961,429.958719861203,"Naive_CD8",0.863429680965556,""
"History.of.thrombosis.pulmonary.embolism",-386.390747753832,1506.95021696475,-0.256405781295209,0.798544829340577,0.197278784766429,-76.2266971618677,"Naive_CD8",0.993925621329704,""
"Coronary.artery.disease.",-2488.03562263802,1604.4874006736,-1.55067320665372,0.126419921248765,0.503322295684717,-1252.28380133152,"Non_classical.monocyte",0.842799474991767,""
"Valve.disease.",-1145.14970142204,1206.53682045767,-0.94912122200105,0.346497090743754,0.495747683570751,-567.705311821714,"Non_classical.monocyte",0.944992065664784,""
"Heart.failure.",532.324895752744,2337.11080709616,0.227770499428803,0.820625707891871,0.251123601166961,133.679344812256,"Non_classical.monocyte",0.993925621329704,""
"Sex.assigned.at.birth",114.601479083702,1114.69788567434,0.102809452279865,0.918468847101838,0.502247202333923,57.5582722531189,"Non_classical.monocyte",0.993925621329704,""
"Age.at.enrollment",89.4192781319031,47.6154843356441,1.87794536545259,0.0654191088445378,14.4381252058382,1291.04673348408,"Non_classical.monocyte",0.76742911547725,""
"BMI",19.4217780224805,86.449982049691,0.224659133084804,0.823034062677221,7.00700987493149,136.088590392248,"Non_classical.monocyte",0.993925621329704,""
"Smoking",-615.804327992229,1169.03698138423,-0.526762059539872,0.600367747625674,0.493196961916072,-303.712823700536,"Non_classical.monocyte",0.965841520091789,""
"Diabetes",3259.32091925601,1527.6034322673,2.13361717472607,0.0371151014579286,0.412419798373078,1344.20847635272,"Non_classical.monocyte",0.651263058471984,""
"History.of.cancer",-782.98127607805,2011.737065859,-0.389206566487218,0.698548683487582,0.292857927612974,-229.30227387198,"Non_classical.monocyte",0.993925621329704,""
"Hypertension",-597.254928101964,1408.70357261044,-0.423974879963712,0.673152493051627,0.474578997876249,-283.444645255281,"Non_classical.monocyte",0.98350860249444,""
"Peripheral.vascular.disease",1624.43130524786,2548.55512597089,0.637393042314129,0.526377068764426,0.226210457696304,367.463349056322,"Non_classical.monocyte",0.965841520091789,""
"Hyperlipidemia",352.741295313511,1414.63540864684,0.249351382806771,0.803969953187538,0.495747683570751,174.870680051419,"Non_classical.monocyte",0.993925621329704,""
"Stroke",-754.719227000393,2455.39857520743,-0.307371371239244,0.759661698008278,0.226210457696304,-170.725381771959,"Non_classical.monocyte",0.993925621329704,""
"Hypothyroidism",-2551.24928595034,2501.4044660442,-1.01992673339428,0.311998779622959,0.226210457696304,-577.119268672194,"Non_classical.monocyte",0.915493124612476,""
"Autoimmune.disease",-156.1118835957,2268.62442014457,-0.0688134546245216,0.945374803086905,0.251123601166961,-39.2033783935096,"Non_classical.monocyte",0.993925621329704,""
"History.of.thrombosis.pulmonary.embolism",678.15131616915,2797.02130970606,0.2424548264312,0.809283074152569,0.197278784766429,133.784867541604,"Non_classical.monocyte",0.993925621329704,""
"Coronary.artery.disease.",319.47328445898,289.993260705625,1.10165761673779,0.275161303420298,0.503322295684717,160.79802694383,"pDCs",0.915493124612476,""
"Valve.disease.",-2.12350293794767,218.068117318356,-0.00973779644663775,0.992263903021563,0.495747683570751,-1.05272166254324,"pDCs",0.99678509220953,""
"Heart.failure.",-302.446579686608,422.406796897024,-0.716007843406791,0.476859473896099,0.251123601166961,-75.9514742515313,"pDCs",0.957516151516251,""
"Sex.assigned.at.birth",481.780881504704,201.469250822821,2.39133703797012,0.0200515320777318,0.502247202333923,241.973099873709,"pDCs",0.565544788406096,""
"Age.at.enrollment",-0.0395273468682891,8.60596945589852,-0.00459301500787888,0.996351078617355,14.4381252058382,-0.570700783138953,"pDCs",0.99678509220953,""
"BMI",-22.3920274026748,15.6248731975132,-1.43310138390362,0.157197441888742,7.00700987493149,-156.901157130279,"pDCs",0.857751222092618,""
"Smoking",-192.98910176109,211.290438288731,-0.913383034860141,0.364822464659973,0.493196961916072,-95.1816386714812,"pDCs",0.95240187487403,""
"Diabetes",-40.3791108931424,276.097338129497,-0.146249547955451,0.884231525997549,0.412419798373078,-16.6531447730339,"pDCs",0.993925621329704,""
"History.of.cancer",-373.594249510545,363.599110323892,-1.02748944896413,0.308456169149356,0.292857927612974,-109.410037679783,"pDCs",0.915493124612476,""
"Hypertension",-336.060414698237,254.607510297345,-1.31991556064378,0.192049171376125,0.474578997876249,-159.487214833366,"pDCs",0.872041988366007,""
"Peripheral.vascular.disease",28.9624341985061,460.623006922994,0.0628766556668066,0.950080914865162,0.226210457696304,6.55160549604314,"pDCs",0.993925621329704,""
"Hyperlipidemia",-29.7825607757274,255.679623717147,-0.116483904124777,0.907671442932088,0.495747683570751,-14.764635515372,"pDCs",0.993925621329704,""
"Stroke",324.127942529912,443.785995986887,0.730369920324142,0.468104095181277,0.226210457696304,73.3211302318526,"pDCs",0.957516151516251,""
"Hypothyroidism",-154.472925444326,452.101049311595,-0.341677874182196,0.733828207954323,0.226210457696304,-34.943391166448,"pDCs",0.993925621329704,""
"Autoimmune.disease",-211.704769186112,410.028643813553,-0.516317024140337,0.607596010897573,0.251123601166961,-53.1640640222368,"pDCs",0.968923871198788,""
"History.of.thrombosis.pulmonary.embolism",-345.772817811526,505.530507453191,-0.683980121305622,0.496711503599055,0.197278784766429,-68.2136413031216,"pDCs",0.957516151516251,""
"Coronary.artery.disease.",3.23287530376535,4.44619969007176,0.727109785686027,0.470083481585904,0.503322295684717,1.6271782195536,"Pre_Pro_B",0.957516151516251,""
"Valve.disease.",4.06806567108008,3.34343768291785,1.21673141744632,0.228634529725548,0.495747683570751,2.01673413305164,"Pre_Pro_B",0.885006271489284,""
"Heart.failure.",-2.85920495700351,6.47637453669738,-0.441482335649717,0.660505404068089,0.251123601166961,-0.718013845277148,"Pre_Pro_B",0.98350860249444,""
"Sex.assigned.at.birth",5.43558714662557,3.08894254434666,1.75969189086204,0.0837333239498141,0.502247202333923,2.73000843743492,"Pre_Pro_B",0.76742911547725,""
"Age.at.enrollment",-0.0085365793591413,0.131947406758618,-0.0646968331462395,0.948637858974254,14.4381252058382,-0.123252201616856,"Pre_Pro_B",0.993925621329704,""
"BMI",-0.0864055128095703,0.239561796019511,-0.360681520364512,0.719647876110992,7.00700987493149,-0.605444281505178,"Pre_Pro_B",0.993925621329704,""
"Smoking",-2.6271349217224,3.23952177008733,-0.810963811381203,0.42070184137644,0.493196961916072,-1.2956949619371,"Pre_Pro_B",0.957516151516251,""
"Diabetes",-0.405080747693513,4.23314630220714,-0.0956925933512635,0.924094589832926,0.412419798373078,-0.167063320288574,"Pre_Pro_B",0.993925621329704,""
"History.of.cancer",-1.58106736524142,5.57473041855796,-0.283613241633736,0.777716729728452,0.292857927612974,-0.463028112001107,"Pre_Pro_B",0.993925621329704,""
"Hypertension",-4.8734036752508,3.9036625562245,-1.2484182751606,0.216893926129652,0.474578997876249,-2.31281503244695,"Pre_Pro_B",0.87486625665742,""
"Peripheral.vascular.disease",0.59930351279095,7.06230850205828,0.084859435497088,0.932665383539567,0.226210457696304,0.135568721927443,"Pre_Pro_B",0.993925621329704,""
"Hyperlipidemia",0.9645373998196,3.92010028427117,0.24604916453022,0.806512846131484,0.495747683570751,0.478167181677922,"Pre_Pro_B",0.993925621329704,""
"Stroke",-1.21281125464444,6.80416211402257,-0.178245496553496,0.859151302957894,0.226210457696304,-0.274350589012347,"Pre_Pro_B",0.993925621329704,""
"Hypothyroidism",0.760996290267302,6.9316491715676,0.109785748157707,0.912958276691413,0.226210457696304,0.172145319126555,"Pre_Pro_B",0.993925621329704,""
"Autoimmune.disease",-3.34733744248348,6.28659171116042,-0.532456630918314,0.596443817587627,0.251123601166961,-0.840595432877457,"Pre_Pro_B",0.965841520091789,""
"History.of.thrombosis.pulmonary.embolism",-5.53237354084429,7.7508338645216,-0.713777851202306,0.478227123146768,0.197278784766429,-1.09141992901171,"Pre_Pro_B",0.957516151516251,""
"Coronary.artery.disease.",6.99346663930752,4.02230685394216,1.73867059208906,0.0873987159141276,0.503322295684717,3.51996768369074,"Pro_B",0.76742911547725,""
"Valve.disease.",9.82074561082642,3.0246802314702,3.24687069682499,0.001941139673712,0.495747683570751,4.86861188750482,"Pro_B",0.10352744926464,""
"Heart.failure.",-4.38126811634653,5.85892841156532,-0.747793420328888,0.457606111648858,0.251123601166961,-1.10023982705493,"Pro_B",0.957516151516251,""
"Sex.assigned.at.birth",9.12353288047158,2.79444821052529,3.26487814163376,0.0018399833422731,0.502247202333923,4.58226886461841,"Pro_B",0.10352744926464,""
"Age.at.enrollment",0.125874087817089,0.119367773730495,1.05450645415641,0.296024165308007,14.4381252058382,1.8173858400738,"Pro_B",0.915493124612476,""
"BMI",-0.137447269660867,0.216722396932294,-0.634208884759646,0.528438072120089,7.00700987493149,-0.963094375796066,"Pro_B",0.965841520091789,""
"Smoking",-0.645666222409198,2.93067147847937,-0.220313408428915,0.826400733008525,0.493196961916072,-0.318440619304043,"Pro_B",0.993925621329704,""
"Diabetes",-7.95420171790429,3.82956560028749,-2.07705064963691,0.042235850411322,0.412419798373078,-3.28047026871687,"Pro_B",0.65397445798176,""
"History.of.cancer",-0.0423025921566266,5.04324545330614,-0.00838797011731697,0.993336231682169,0.292857927612974,-0.0123886494716465,"Pro_B",0.99678509220953,""
"Hypertension",0.844078624353272,3.5314942534949,0.239014582430069,0.811936838036193,0.474578997876249,0.400581987674339,"Pro_B",0.993925621329704,""
"Peripheral.vascular.disease",-6.35650152305785,6.38900046615418,-0.994913297742191,0.32391118721869,0.226210457696304,-1.43790711887817,"Pro_B",0.915493124612476,""
"Hyperlipidemia",1.91209026355176,3.54636483754289,0.539169079083403,0.59183395306819,0.495747683570751,0.947914318933973,"Pro_B",0.965841520091789,""
"Stroke",-2.2506670699373,6.15546529942853,-0.365637195639175,0.715965979827895,0.226210457696304,-0.509124428012515,"Pro_B",0.993925621329704,""
"Hypothyroidism",-5.00413984195527,6.27079796577218,-0.798006867589946,0.428121799947673,0.226210457696304,-1.13198876402501,"Pro_B",0.957516151516251,""
"Autoimmune.disease",-0.414898963556964,5.68723914587121,-0.072952614250127,0.942094830165973,0.251123601166961,-0.104190921848865,"Pro_B",0.993925621329704,""
"History.of.thrombosis.pulmonary.embolism",-5.38913793386607,7.01188303499906,-0.768572137750554,0.445265645540323,0.197278784766429,-1.06316258253176,"Pro_B",0.957516151516251,""
"Coronary.artery.disease.",477.728400305247,304.705984235488,1.56783399414972,0.12235999984513,0.503322295684717,240.451355155424,"progenitors",0.842799474991767,""
"Valve.disease.",196.587291416298,229.131739669358,0.857966214981727,0.394442755529666,0.495747683570751,97.457694339078,"progenitors",0.955522473680196,""
"Heart.failure.",80.9068566339562,443.837482578337,0.182289373497598,0.855991283984219,0.251123601166961,20.3176211970181,"progenitors",0.993925621329704,""
"Sex.assigned.at.birth",296.950722989666,211.69073452183,1.40275729904014,0.166019631089444,0.502247202333923,149.142669852595,"progenitors",0.863429680965556,""
"Age.at.enrollment",8.17200791901028,9.04259080703956,0.903724175227355,0.36988001508868,14.4381252058382,117.988473517771,"progenitors",0.95240187487403,""
"BMI",-6.98922686216608,16.4175965835147,-0.425715592816071,0.671890701019193,7.00700987493149,-48.9735816413341,"progenitors",0.98350860249444,""
"Smoking",-12.0112520671551,222.010197070303,-0.0541022539759807,0.957039623387451,0.493196961916072,-5.92391302832903,"progenitors",0.993925621329704,""
"Diabetes",-92.337790740161,290.105056079033,-0.318290870170169,0.751407592496075,0.412419798373078,-38.0819330392726,"progenitors",0.993925621329704,""
"History.of.cancer",-434.905144530139,382.046205173211,-1.13835745164113,0.259651592892529,0.292857927612974,-127.365419335317,"progenitors",0.915493124612476,""
"Hypertension",-595.069168210663,267.52494809751,-2.22435018656192,0.0300311605577722,0.474578997876249,-282.40732951647,"progenitors",0.651263058471984,""
"Peripheral.vascular.disease",83.1773630375786,483.992580877445,0.171856690213689,0.864148428234865,0.226210457696304,18.8155893627023,"progenitors",0.993925621329704,""
"Hyperlipidemia",199.011851351557,268.651454879074,0.740780843495288,0.461814933212168,0.495747683570751,98.6596643106611,"progenitors",0.957516151516251,""
"Stroke",-371.101059140729,466.301349100586,-0.795839557094393,0.429370524834391,0.226210457696304,-83.9469404398073,"progenitors",0.957516151516251,""
"Hypothyroidism",-146.55682539605,475.038264231341,-0.308515832157633,0.758795256399391,0.226210457696304,-33.1526865513577,"progenitors",0.993925621329704,""
"Autoimmune.disease",-533.993574212514,430.831327507219,-1.23944926962993,0.220171048207765,0.251123601166961,-134.098389356263,"progenitors",0.880481020914855,""
"History.of.thrombosis.pulmonary.embolism",-472.013137614813,531.178450353563,-0.88861499803057,0.377880627633721,0.197278784766429,-93.1181781824394,"progenitors",0.955522473680196,""
"Coronary.artery.disease.",-24118.2966361663,11205.2717099012,-2.15240622990471,0.0355385350922271,0.503322295684717,-12139.2764309202,"T_cell",0.651263058471984,""
"Valve.disease.",-5456.27835586622,8426.10100618587,-0.647544855189914,0.519834365937248,0.495747683570751,-2704.93735583791,"T_cell",0.965841520091789,""
"Heart.failure.",-24220.4076498204,16321.6997519984,-1.48393905155956,0.143239495051111,0.251123601166961,-6082.31599075471,"T_cell",0.848826637339917,""
"Sex.assigned.at.birth",3574.58477703065,7784.72469038367,0.459179344061618,0.647821720271976,0.502247202333923,1795.32520376907,"T_cell",0.98350860249444,""
"Age.at.enrollment",282.917995043709,332.532645227031,0.850797655822788,0.398380635747142,14.4381252058382,4084.80543542577,"T_cell",0.956113525793141,""
"BMI",938.465830609572,603.741442766197,1.55441678197499,0.12552520297451,7.00700987493149,6575.83934236705,"T_cell",0.842799474991767,""
"Smoking",-9517.57269748961,8164.21307505032,-1.16576730788361,0.24848021468225,0.493196961916072,-4694.03793921723,"T_cell",0.90437678244216,""
"Diabetes",4660.64742138262,10668.3365144198,0.43686730495266,0.663829770456654,0.412419798373078,1922.14326981462,"T_cell",0.98350860249444,""
"History.of.cancer",-19709.6354431651,14049.3845089502,-1.40288248432585,0.165982465526835,0.292857927612974,-5772.12298989255,"T_cell",0.863429680965556,""
"Hypertension",-12296.0089355195,9837.97459748305,-1.24985166547038,0.216373543944137,0.474578997876249,-5835.42759849625,"T_cell",0.87486625665742,""
"Peripheral.vascular.disease",18561.0752628046,17798.3651614692,1.04285281790861,0.301343825125153,0.226210457696304,4198.70933053457,"T_cell",0.915493124612476,""
"Hyperlipidemia",7640.25982837807,9879.40080905598,0.773352552046943,0.44245434144703,0.495747683570751,3787.6411117971,"T_cell",0.957516151516251,""
"Stroke",68905.3921095004,17147.7870002299,4.01832563633877,0.00017102080190671,0.226210457696304,15587.1202868334,"T_cell",0.0164179969830442,"*"
"Hypothyroidism",-14137.3004946339,17469.0787142475,-0.80927567651886,0.421664162093212,0.226210457696304,-3198.00521548131,"T_cell",0.957516151516251,""
"Autoimmune.disease",-3633.62850052086,15843.4108144226,-0.229346353703907,0.819406577167336,0.251123601166961,-912.489874353704,"T_cell",0.993925621329704,""
"History.of.thrombosis.pulmonary.embolism",7258.53990147305,19533.5804696766,0.371592904472429,0.7115500500738,0.197278784766429,1431.95593094124,"T_cell",0.993925621329704,""
"Coronary.artery.disease.",-67.911622649197,52.2676402776117,-1.29930531182381,0.19898030888166,0.503322295684717,-34.181433815468,"Tregs",0.872041988366007,""
"Valve.disease.",5.34306202852165,39.3040372189269,0.135941811747234,0.892338015639018,0.495747683570751,2.64881062381445,"Tregs",0.993925621329704,""
"Heart.failure.",-132.933698430061,76.1335158524379,-1.74606015421268,0.0860953692366711,0.251123601166961,-33.3827890661997,"Tregs",0.76742911547725,""
"Sex.assigned.at.birth",21.0897955796223,36.3123001665083,0.580789305081642,0.563632494528851,0.502247202333923,10.5922908276596,"Tregs",0.965841520091789,""
"Age.at.enrollment",3.90961387237089,1.55111782482983,2.52051379320576,0.0144915975456927,14.4381252058382,56.4474945957727,"Tregs",0.434747926370781,""
"BMI",-1.2826216177466,2.81618700270394,-0.455446181846268,0.650488774704679,7.00700987493149,-8.98734234135103,"Tregs",0.98350860249444,""
"Smoking",-18.8299921327278,38.0824457634028,-0.494453330274901,0.622853759104988,0.493196961916072,-9.28689491276489,"Tregs",0.97541742973198,""
"Diabetes",-18.7906247548129,49.7630748929979,-0.377601761852882,0.707104752737808,0.412419798373078,-7.7496256726841,"Tregs",0.993925621329704,""
"History.of.cancer",-138.075016031656,65.5341695094097,-2.10691639285718,0.0394604900307676,0.292857927612974,-40.4363630501589,"Tregs",0.651263058471984,""
"Hypertension",-37.1560396291063,45.8898035348096,-0.809679640509283,0.421433762076284,0.474578997876249,-17.6334760522315,"Tregs",0.957516151516251,""
"Peripheral.vascular.disease",-8.51942415480961,83.0215073648982,-0.102617073878999,0.91862086485591,0.226210457696304,-1.92718283736843,"Tregs",0.993925621329704,""
"Hyperlipidemia",66.3724905136684,46.0830385031902,1.44028025645648,0.155164552838177,0.495747683570751,32.9040084249728,"Tregs",0.857751222092618,""
"Stroke",-29.9406412000307,79.9868477703362,-0.374319554209692,0.709531641597617,0.226210457696304,-6.77288614957975,"Tregs",0.993925621329704,""
"Hypothyroidism",-122.010643911089,81.4855316190833,-1.49732893050814,0.139730367334285,0.226210457696304,-27.6000836029482,"Tregs",0.848826637339917,""
"Autoimmune.disease",-59.1741832058743,73.9025093418252,-0.80070600758863,0.426569690350076,0.251123601166961,-14.8600339827727,"Tregs",0.957516151516251,""
"History.of.thrombosis.pulmonary.embolism",13.7554218239752,91.1155198870088,0.150966836835625,0.880525717704744,0.197278784766429,2.71365290138344,"Tregs",0.993925621329704,""
